static const uint8_t error_wav[] = {
  0x52, 0x49, 0x46, 0x46, 0x0c, 0x45, 0x00, 0x00, 0x57, 0x41, 0x56, 0x45,
  0x66, 0x6d, 0x74, 0x20, 0x10, 0x00, 0x00, 0x00, 0x01, 0x00, 0x01, 0x00,
  0x22, 0x56, 0x00, 0x00, 0x44, 0xac, 0x00, 0x00, 0x02, 0x00, 0x10, 0x00,
  0x64, 0x61, 0x74, 0x61, 0xe8, 0x44, 0x00, 0x00, 0x00, 0x00, 0x04, 0x00,
  0x12, 0x00, 0x29, 0x00, 0x49, 0x00, 0x72, 0x00, 0xa3, 0x00, 0xdc, 0x00,
  0x1d, 0x01, 0x65, 0x01, 0xb3, 0x01, 0x07, 0x02, 0x61, 0x02, 0xbe, 0x02,
  0x20, 0x03, 0x84, 0x03, 0xea, 0x03, 0x51, 0x04, 0xb8, 0x04, 0x1f, 0x05,
  0x83, 0x05, 0xe6, 0x05, 0x44, 0x06, 0x9e, 0x06, 0xf3, 0x06, 0x41, 0x07,
  0x88, 0x07, 0xc7, 0x07, 0xfd, 0x07, 0x29, 0x08, 0x4a, 0x08, 0x61, 0x08,
  0x6b, 0x08, 0x6a, 0x08, 0x5b, 0x08, 0x3f, 0x08, 0x15, 0x08, 0xdd, 0x07,
  0x97, 0x07, 0x43, 0x07, 0xe0, 0x06, 0x6f, 0x06, 0xef, 0x05, 0x62, 0x05,
  0xc6, 0x04, 0x1d, 0x04, 0x67, 0x03, 0xa5, 0x02, 0xd7, 0x01, 0xfd, 0x00,
  0x1a, 0x00, 0x2e, 0xff, 0x39, 0xfe, 0x3c, 0xfd, 0x39, 0xfc, 0x30, 0xfb,
  0x24, 0xfa, 0x14, 0xf9, 0x04, 0xf8, 0xf3, 0xf6, 0xe3, 0xf5, 0xd6, 0xf4,
  0xcd, 0xf3, 0xc9, 0xf2, 0xcc, 0xf1, 0xd8, 0xf0, 0xed, 0xef, 0x0d, 0xef,
  0x3a, 0xee, 0x74, 0xed, 0xbe, 0xec, 0x18, 0xec, 0x84, 0xeb, 0x03, 0xeb,
  0x95, 0xea, 0x3c, 0xea, 0xf9, 0xe9, 0xcd, 0xe9, 0xb8, 0xe9, 0xbb, 0xe9,
  0xd7, 0xe9, 0x0c, 0xea, 0x5a, 0xea, 0xc2, 0xea, 0x43, 0xeb, 0xde, 0xeb,
  0x93, 0xec, 0x62, 0xed, 0x49, 0xee, 0x49, 0xef, 0x61, 0xf0, 0x90, 0xf1,
  0xd5, 0xf2, 0x30, 0xf4, 0x9f, 0xf5, 0x21, 0xf7, 0xb4, 0xf8, 0x58, 0xfa,
  0x0b, 0xfc, 0xcb, 0xfd, 0x97, 0xff, 0x6b, 0x01, 0x48, 0x03, 0x2b, 0x05,
  0x12, 0x07, 0xfb, 0x08, 0xe4, 0x0a, 0xcb, 0x0c, 0xad, 0x0e, 0x88, 0x10,
  0x5b, 0x12, 0x23, 0x14, 0xdf, 0x15, 0x8b, 0x17, 0x25, 0x19, 0xad, 0x1a,
  0x1f, 0x1c, 0x7b, 0x1d, 0xbd, 0x1e, 0xe4, 0x1f, 0xef, 0x20, 0xdc, 0x21,
  0xa9, 0x22, 0x55, 0x23, 0xdf, 0x23, 0x46, 0x24, 0x88, 0x24, 0xa5, 0x24,
  0x9d, 0x24, 0x6e, 0x24, 0x18, 0x24, 0x9b, 0x23, 0xf7, 0x22, 0x2c, 0x22,
  0x3a, 0x21, 0x22, 0x20, 0xe5, 0x1e, 0x82, 0x1d, 0xfc, 0x1b, 0x53, 0x1a,
  0x88, 0x18, 0x9e, 0x16, 0x94, 0x14, 0x6e, 0x12, 0x2d, 0x10, 0xd4, 0x0d,
  0x63, 0x0b, 0xde, 0x08, 0x47, 0x06, 0xa1, 0x03, 0xee, 0x00, 0x31, 0xfe,
  0x6c, 0xfb, 0xa2, 0xf8, 0xd7, 0xf5, 0x0c, 0xf3, 0x46, 0xf0, 0x87, 0xed,
  0xd2, 0xea, 0x2a, 0xe8, 0x92, 0xe5, 0x0d, 0xe3, 0x9d, 0xe0, 0x47, 0xde,
  0x0b, 0xdc, 0xee, 0xd9, 0xf2, 0xd7, 0x18, 0xd6, 0x64, 0xd4, 0xd8, 0xd2,
  0x76, 0xd1, 0x3f, 0xd0, 0x35, 0xcf, 0x5b, 0xce, 0xb2, 0xcd, 0x3a, 0xcd,
  0xf5, 0xcc, 0xe3, 0xcc, 0x06, 0xcd, 0x5e, 0xcd, 0xeb, 0xcd, 0xad, 0xce,
  0xa3, 0xcf, 0xce, 0xd0, 0x2d, 0xd2, 0xbf, 0xd3, 0x82, 0xd5, 0x76, 0xd7,
  0x99, 0xd9, 0xe9, 0xdb, 0x64, 0xde, 0x09, 0xe1, 0xd4, 0xe3, 0xc4, 0xe6,
  0xd6, 0xe9, 0x06, 0xed, 0x52, 0xf0, 0xb7, 0xf3, 0x32, 0xf7, 0xbe, 0xfa,
  0x59, 0xfe, 0xfe, 0x01, 0xab, 0x05, 0x5c, 0x09, 0x0d, 0x0d, 0xb9, 0x10,
  0x5e, 0x14, 0xf7, 0x17, 0x80, 0x1b, 0xf6, 0x1e, 0x55, 0x22, 0x99, 0x25,
  0xbf, 0x28, 0xc2, 0x2b, 0xa0, 0x2e, 0x56, 0x31, 0xdf, 0x33, 0x3a, 0x36,
  0x62, 0x38, 0x57, 0x3a, 0x14, 0x3c, 0x98, 0x3d, 0xe0, 0x3e, 0xec, 0x3f,
  0xb8, 0x40, 0x45, 0x41, 0x90, 0x41, 0x99, 0x41, 0x5f, 0x41, 0xe1, 0x40,
  0x21, 0x40, 0x1d, 0x3f, 0xd7, 0x3d, 0x4f, 0x3c, 0x86, 0x3a, 0x7d, 0x38,
  0x37, 0x36, 0xb4, 0x33, 0xf7, 0x30, 0x02, 0x2e, 0xd8, 0x2a, 0x7c, 0x27,
  0xf0, 0x23, 0x38, 0x20, 0x57, 0x1c, 0x52, 0x18, 0x2b, 0x14, 0xe7, 0x0f,
  0x89, 0x0b, 0x17, 0x07, 0x95, 0x02, 0x08, 0xfe, 0x72, 0xf9, 0xda, 0xf4,
  0x44, 0xf0, 0xb4, 0xeb, 0x30, 0xe7, 0xbc, 0xe2, 0x5d, 0xde, 0x17, 0xda,
  0xf0, 0xd5, 0xeb, 0xd1, 0x0d, 0xce, 0x5b, 0xca, 0xd7, 0xc6, 0x87, 0xc3,
  0x6e, 0xc0, 0x90, 0xbd, 0xf0, 0xba, 0x91, 0xb8, 0x75, 0xb6, 0xa1, 0xb4,
  0x16, 0xb3, 0xd6, 0xb1, 0xe3, 0xb0, 0x3f, 0xb0, 0xeb, 0xaf, 0xe7, 0xaf,
  0x35, 0xb0, 0xd5, 0xb0, 0xc6, 0xb1, 0x08, 0xb3, 0x9b, 0xb4, 0x7d, 0xb6,
  0xad, 0xb8, 0x2a, 0xbb, 0xf1, 0xbd, 0x00, 0xc1, 0x54, 0xc4, 0xec, 0xc7,
  0xc2, 0xcb, 0xd4, 0xcf, 0x1f, 0xd4, 0x9d, 0xd8, 0x4b, 0xdd, 0x25, 0xe2,
  0x26, 0xe7, 0x48, 0xec, 0x87, 0xf1, 0xdf, 0xf6, 0x48, 0xfc, 0xbe, 0x01,
  0x3c, 0x07, 0xbc, 0x0c, 0x38, 0x12, 0xac, 0x17, 0x10, 0x1d, 0x60, 0x22,
  0x96, 0x27, 0xad, 0x2c, 0x9e, 0x31, 0x66, 0x36, 0xfe, 0x3a, 0x62, 0x3f,
  0x8d, 0x43, 0x7a, 0x47, 0x25, 0x4b, 0x8a, 0x4e, 0xa5, 0x51, 0x72, 0x54,
  0xee, 0x56, 0x16, 0x59, 0xe7, 0x5a, 0x5e, 0x5c, 0x7a, 0x5d, 0x3a, 0x5e,
  0x9b, 0x5e, 0x9c, 0x5e, 0x3e, 0x5e, 0x80, 0x5d, 0x61, 0x5c, 0xe4, 0x5a,
  0x08, 0x59, 0xce, 0x56, 0x3a, 0x54, 0x4c, 0x51, 0x07, 0x4e, 0x6e, 0x4a,
  0x85, 0x46, 0x4d, 0x42, 0xcd, 0x3d, 0x07, 0x39, 0xff, 0x33, 0xbc, 0x2e,
  0x42, 0x29, 0x95, 0x23, 0xbc, 0x1d, 0xbc, 0x17, 0x9c, 0x11, 0x60, 0x0b,
  0x10, 0x05, 0xb2, 0xfe, 0x4b, 0xf8, 0xe3, 0xf1, 0x80, 0xeb, 0x28, 0xe5,
  0xe3, 0xde, 0xb5, 0xd8, 0xa7, 0xd2, 0xbe, 0xcc, 0x00, 0xc7, 0x74, 0xc1,
  0x1f, 0xbc, 0x08, 0xb7, 0x33, 0xb2, 0xa6, 0xad, 0x66, 0xa9, 0x78, 0xa5,
  0xe0, 0xa1, 0xa2, 0x9e, 0xc2, 0x9b, 0x44, 0x99, 0x2a, 0x97, 0x78, 0x95,
  0x2f, 0x94, 0x51, 0x93, 0xe0, 0x92, 0xdd, 0x92, 0x49, 0x93, 0x23, 0x94,
  0x6b, 0x95, 0x21, 0x97, 0x43, 0x99, 0xd0, 0x9b, 0xc6, 0x9e, 0x23, 0xa2,
  0xe2, 0xa5, 0x02, 0xaa, 0x7f, 0xae, 0x53, 0xb3, 0x7c, 0xb8, 0xf4, 0xbd,
  0xb6, 0xc3, 0xbc, 0xc9, 0x02, 0xd0, 0x7f, 0xd6, 0x30, 0xdd, 0x0c, 0xe4,
  0x0d, 0xeb, 0x2d, 0xf2, 0x64, 0xf9, 0xa9, 0x00, 0xf9, 0x07, 0x49, 0x0f,
  0x94, 0x16, 0xd1, 0x1d, 0xf8, 0x24, 0x04, 0x2c, 0xec, 0x32, 0xa9, 0x39,
  0x34, 0x40, 0x87, 0x46, 0x9a, 0x4c, 0x67, 0x52, 0xe8, 0x57, 0x17, 0x5d,
  0xee, 0x61, 0x69, 0x66, 0x81, 0x6a, 0x32, 0x6e, 0x79, 0x71, 0x51, 0x74,
  0xb7, 0x76, 0xa7, 0x78, 0x20, 0x7a, 0x20, 0x7b, 0xa4, 0x7b, 0xac, 0x7b,
  0x36, 0x7b, 0x44, 0x7a, 0xd5, 0x78, 0xea, 0x76, 0x85, 0x74, 0xa6, 0x71,
  0x52, 0x6e, 0x8a, 0x6a, 0x52, 0x66, 0xae, 0x61, 0xa2, 0x5c, 0x32, 0x57,
  0x63, 0x51, 0x3b, 0x4b, 0x99, 0x44, 0xb1, 0x3d, 0x8c, 0x36, 0x2f, 0x2f,
  0xa3, 0x27, 0xef, 0x1f, 0x1c, 0x18, 0x2f, 0x10, 0x33, 0x08, 0x2e, 0x00,
  0x2a, 0xf8, 0x2d, 0xf0, 0x40, 0xe8, 0x6b, 0xe0, 0xb6, 0xd8, 0x28, 0xd1,
  0xc9, 0xc9, 0xa1, 0xc2, 0xb6, 0xbb, 0x10, 0xb5, 0xb6, 0xae, 0xad, 0xa8,
  0xfc, 0xa2, 0xa9, 0x9d, 0xb8, 0x98, 0x30, 0x94, 0x13, 0x90, 0x68, 0x8c,
  0x31, 0x89, 0x71, 0x86, 0x2b, 0x84, 0x62, 0x82, 0x18, 0x81, 0x4d, 0x80,
  0x02, 0x80, 0x38, 0x80, 0xef, 0x80, 0x25, 0x82, 0xda, 0x83, 0x0c, 0x86,
  0xb9, 0x88, 0xdd, 0x8b, 0x76, 0x8f, 0x81, 0x93, 0xf9, 0x97, 0xd9, 0x9c,
  0x1d, 0xa2, 0xbf, 0xa7, 0xba, 0xad, 0x08, 0xb4, 0xa2, 0xba, 0x83, 0xc1,
  0xa2, 0xc8, 0xf8, 0xcf, 0x7f, 0xd7, 0x2f, 0xdf, 0xff, 0xe6, 0xe9, 0xee,
  0xe4, 0xf6, 0xe8, 0xfe, 0xed, 0x06, 0xeb, 0x0e, 0xda, 0x16, 0xb3, 0x1e,
  0x6c, 0x26, 0xff, 0x2d, 0x63, 0x35, 0x92, 0x3c, 0x84, 0x43, 0x32, 0x4a,
  0x96, 0x50, 0xa8, 0x56, 0x63, 0x5c, 0xc1, 0x61, 0xbd, 0x66, 0x52, 0x6b,
  0x7b, 0x6f, 0x33, 0x73, 0x78, 0x76, 0x45, 0x79, 0x99, 0x7b, 0x70, 0x7d,
  0xc9, 0x7e, 0xa3, 0x7f, 0xfc, 0x7f, 0xd5, 0x7f, 0x2d, 0x7f, 0x05, 0x7e,
  0x5e, 0x7c, 0x3a, 0x7a, 0x9b, 0x77, 0x84, 0x74, 0xf8, 0x70, 0xfa, 0x6c,
  0x8f, 0x68, 0xba, 0x63, 0x81, 0x5e, 0xe9, 0x58, 0xf8, 0x52, 0xb3, 0x4c,
  0x21, 0x46, 0x49, 0x3f, 0x31, 0x38, 0xe0, 0x30, 0x5e, 0x29, 0xb3, 0x21,
  0xe5, 0x19, 0xfe, 0x11, 0x05, 0x0a, 0x01, 0x02, 0xfc, 0xf9, 0xfd, 0xf1,
  0x0c, 0xea, 0x30, 0xe2, 0x73, 0xda, 0xdb, 0xd2, 0x71, 0xcb, 0x3c, 0xc4,
  0x43, 0xbd, 0x8d, 0xb6, 0x20, 0xb0, 0x05, 0xaa, 0x3f, 0xa4, 0xd6, 0x9e,
  0xcf, 0x99, 0x2e, 0x95, 0xf9, 0x90, 0x33, 0x8d, 0xe1, 0x89, 0x06, 0x87,
  0xa5, 0x84, 0xbf, 0x82, 0x58, 0x81, 0x6f, 0x80, 0x08, 0x80, 0x20, 0x80,
  0xba, 0x80, 0xd3, 0x81, 0x6c, 0x83, 0x81, 0x85, 0x12, 0x88, 0x1c, 0x8b,
  0x9b, 0x8e, 0x8c, 0x92, 0xeb, 0x96, 0xb4, 0x9b, 0xe2, 0xa0, 0x6f, 0xa6,
  0x57, 0xac, 0x92, 0xb2, 0x1c, 0xb9, 0xed, 0xbf, 0xfe, 0xc6, 0x49, 0xce,
  0xc5, 0xd5, 0x6c, 0xdd, 0x36, 0xe5, 0x1b, 0xed, 0x13, 0xf5, 0x16, 0xfd,
  0x1a, 0x05, 0x1b, 0x0d, 0x0e, 0x15, 0xed, 0x1c, 0xae, 0x24, 0x4a, 0x2c,
  0xba, 0x33, 0xf5, 0x3a, 0xf6, 0x41, 0xb4, 0x48, 0x29, 0x4f, 0x4e, 0x55,
  0x1e, 0x5b, 0x91, 0x60, 0xa4, 0x65, 0x51, 0x6a, 0x92, 0x6e, 0x65, 0x72,
  0xc4, 0x75, 0xad, 0x78, 0x1c, 0x7b, 0x10, 0x7d, 0x86, 0x7e, 0x7d, 0x7f,
  0xf3, 0x7f, 0xe9, 0x7f, 0x5e, 0x7f, 0x53, 0x7e, 0xc9, 0x7c, 0xc1, 0x7a,
  0x3e, 0x78, 0x42, 0x75, 0xd1, 0x71, 0xec, 0x6d, 0x99, 0x69, 0xdc, 0x64,
  0xba, 0x5f, 0x37, 0x5a, 0x59, 0x54, 0x27, 0x4e, 0xa6, 0x47, 0xdd, 0x40,
  0xd3, 0x39, 0x8e, 0x32, 0x17, 0x2b, 0x74, 0x23, 0xae, 0x1b, 0xcc, 0x13,
  0xd6, 0x0b, 0xd4, 0x03, 0xcf, 0xfb, 0xcd, 0xf3, 0xd8, 0xeb, 0xf7, 0xe3,
  0x32, 0xdc, 0x91, 0xd4, 0x1c, 0xcd, 0xda, 0xc5, 0xd3, 0xbe, 0x0d, 0xb8,
  0x8f, 0xb1, 0x61, 0xab, 0x87, 0xa5, 0x08, 0xa0, 0xea, 0x9a, 0x32, 0x96,
  0xe4, 0x91, 0x05, 0x8e, 0x98, 0x8a, 0xa2, 0x87, 0x24, 0x85, 0x22, 0x83,
  0x9e, 0x81, 0x99, 0x80, 0x14, 0x80, 0x0f, 0x80, 0x8c, 0x80, 0x88, 0x81,
  0x04, 0x83, 0xfd, 0x84, 0x72, 0x87, 0x61, 0x8a, 0xc5, 0x8d, 0x9d, 0x91,
  0xe3, 0x95, 0x95, 0x9a, 0xac, 0x9f, 0x24, 0xa5, 0xf8, 0xaa, 0x21, 0xb1,
  0x99, 0xb7, 0x5a, 0xbe, 0x5e, 0xc5, 0x9c, 0xcc, 0x0e, 0xd4, 0xac, 0xdb,
  0x6e, 0xe3, 0x4e, 0xeb, 0x42, 0xf3, 0x43, 0xfb, 0x48, 0x03, 0x4a, 0x0b,
  0x41, 0x13, 0x25, 0x1b, 0xee, 0x22, 0x93, 0x2a, 0x0d, 0x32, 0x55, 0x39,
  0x64, 0x40, 0x32, 0x47, 0xb8, 0x4d, 0xf0, 0x53, 0xd3, 0x59, 0x5d, 0x5f,
  0x86, 0x64, 0x4a, 0x69, 0xa4, 0x6d, 0x90, 0x71, 0x0a, 0x75, 0x0e, 0x78,
  0x99, 0x7a, 0xaa, 0x7c, 0x3c, 0x7e, 0x50, 0x7f, 0xe3, 0x7f, 0xf7, 0x7f,
  0x89, 0x7f, 0x9b, 0x7e, 0x2e, 0x7d, 0x42, 0x7b, 0xdb, 0x78, 0xfb, 0x75,
  0xa3, 0x72, 0xd9, 0x6e, 0x9e, 0x6a, 0xf9, 0x65, 0xed, 0x60, 0x80, 0x5b,
  0xb6, 0x55, 0x97, 0x4f, 0x27, 0x49, 0x6e, 0x42, 0x72, 0x3b, 0x3a, 0x34,
  0xcd, 0x2c, 0x34, 0x25, 0x75, 0x1d, 0x98, 0x15, 0xa6, 0x0d, 0xa6, 0x05,
  0xa2, 0xfd, 0x9e, 0xf5, 0xa6, 0xed, 0xbf, 0xe5, 0xf3, 0xdd, 0x4a, 0xd6,
  0xca, 0xce, 0x7c, 0xc7, 0x66, 0xc0, 0x91, 0xb9, 0x02, 0xb3, 0xc1, 0xac,
  0xd4, 0xa6, 0x40, 0xa1, 0x0b, 0x9c, 0x3b, 0x97, 0xd5, 0x92, 0xdc, 0x8e,
  0x55, 0x8b, 0x44, 0x88, 0xaa, 0x85, 0x8c, 0x83, 0xeb, 0x81, 0xc9, 0x80,
  0x27, 0x80, 0x05, 0x80, 0x64, 0x80, 0x44, 0x81, 0xa3, 0x82, 0x7f, 0x84,
  0xd9, 0x86, 0xac, 0x89, 0xf6, 0x8c, 0xb3, 0x90, 0xe1, 0x94, 0x7b, 0x99,
  0x7b, 0x9e, 0xde, 0xa3, 0x9d, 0xa9, 0xb3, 0xaf, 0x1a, 0xb6, 0xcb, 0xbc,
  0xc0, 0xc3, 0xf2, 0xca, 0x58, 0xd2, 0xed, 0xd9, 0xa8, 0xe1, 0x82, 0xe9,
  0x72, 0xf1, 0x71, 0xf9, 0x75, 0x01, 0x79, 0x09, 0x73, 0x11, 0x5c, 0x19,
  0x2b, 0x21, 0xd9, 0x28, 0x5e, 0x30, 0xb3, 0x37, 0xcf, 0x3e, 0xac, 0x45,
  0x43, 0x4c, 0x8d, 0x52, 0x84, 0x58, 0x23, 0x5e, 0x62, 0x63, 0x3e, 0x68,
  0xb1, 0x6c, 0xb6, 0x70, 0x4a, 0x74, 0x69, 0x77, 0x10, 0x7a, 0x3c, 0x7c,
  0xec, 0x7d, 0x1c, 0x7f, 0xcd, 0x7f, 0xfd, 0x7f, 0xad, 0x7f, 0xdc, 0x7e,
  0x8c, 0x7d, 0xbd, 0x7b, 0x72, 0x79, 0xad, 0x76, 0x70, 0x73, 0xbf, 0x6f,
  0x9e, 0x6b, 0x11, 0x67, 0x1b, 0x62, 0xc4, 0x5c, 0x0f, 0x57, 0x02, 0x51,
  0xa4, 0x4a, 0xfb, 0x43, 0x0d, 0x3d, 0xe3, 0x35, 0x81, 0x2e, 0xf2, 0x26,
  0x3a, 0x1f, 0x64, 0x17, 0x76, 0x0f, 0x78, 0x07, 0x74, 0xff, 0x70, 0xf7,
  0x74, 0xef, 0x89, 0xe7, 0xb6, 0xdf, 0x04, 0xd8, 0x7a, 0xd0, 0x20, 0xc9,
  0xfd, 0xc1, 0x18, 0xbb, 0x79, 0xb4, 0x26, 0xae, 0x25, 0xa8, 0x7c, 0xa2,
  0x32, 0x9d, 0x4a, 0x98, 0xcb, 0x93, 0xb9, 0x8f, 0x18, 0x8c, 0xec, 0x88,
  0x37, 0x86, 0xfd, 0x83, 0x3f, 0x82, 0x00, 0x81, 0x40, 0x80, 0x02, 0x80,
  0x43, 0x80, 0x06, 0x81, 0x48, 0x82, 0x08, 0x84, 0x45, 0x86, 0xfd, 0x88,
  0x2c, 0x8c, 0xd0, 0x8f, 0xe4, 0x93, 0x66, 0x98, 0x4f, 0x9d, 0x9c, 0xa2,
  0x47, 0xa8, 0x4a, 0xae, 0x9f, 0xb4, 0x40, 0xbb, 0x26, 0xc2, 0x4a, 0xc9,
  0xa5, 0xd0, 0x30, 0xd8, 0xe3, 0xdf, 0xb7, 0xe7, 0xa2, 0xef, 0x9f, 0xf7,
  0xa3, 0xff, 0xa7, 0x07, 0xa4, 0x0f, 0x92, 0x17, 0x68, 0x1f, 0x1e, 0x27,
  0xad, 0x2e, 0x0d, 0x36, 0x36, 0x3d, 0x22, 0x44, 0xca, 0x4a, 0x26, 0x51,
  0x31, 0x57, 0xe4, 0x5c, 0x39, 0x62, 0x2c, 0x67, 0xb7, 0x6b, 0xd6, 0x6f,
  0x84, 0x73, 0xbe, 0x76, 0x81, 0x79, 0xc9, 0x7b, 0x95, 0x7d, 0xe2, 0x7e,
  0xb0, 0x7f, 0xfe, 0x7f, 0xcb, 0x7f, 0x17, 0x7f, 0xe3, 0x7d, 0x31, 0x7c,
  0x02, 0x7a, 0x58, 0x77, 0x37, 0x74, 0xa0, 0x70, 0x98, 0x6c, 0x23, 0x68,
  0x45, 0x63, 0x03, 0x5e, 0x63, 0x58, 0x69, 0x52, 0x1d, 0x4c, 0x85, 0x45,
  0xa6, 0x3e, 0x89, 0x37, 0x33, 0x30, 0xad, 0x28, 0xfe, 0x20, 0x2e, 0x19,
  0x45, 0x11, 0x4a, 0x09, 0x46, 0x01, 0x42, 0xf9, 0x43, 0xf1, 0x54, 0xe9,
  0x7b, 0xe1, 0xc1, 0xd9, 0x2d, 0xd2, 0xc7, 0xca, 0x97, 0xc3, 0xa4, 0xbc,
  0xf4, 0xb5, 0x8f, 0xaf, 0x7b, 0xa9, 0xbd, 0xa3, 0x5d, 0x9e, 0x5f, 0x99,
  0xc8, 0x94, 0x9c, 0x90, 0xe1, 0x8c, 0x9a, 0x89, 0xca, 0x86, 0x73, 0x84,
  0x99, 0x82, 0x3d, 0x81, 0x61, 0x80, 0x05, 0x80, 0x29, 0x80, 0xce, 0x80,
  0xf3, 0x81, 0x97, 0x83, 0xb8, 0x85, 0x54, 0x88, 0x68, 0x8b, 0xf2, 0x8e,
  0xed, 0x92, 0x56, 0x97, 0x29, 0x9c, 0x5f, 0xa1, 0xf5, 0xa6, 0xe4, 0xac,
  0x27, 0xb3, 0xb8, 0xb9, 0x8f, 0xc0, 0xa5, 0xc7, 0xf5, 0xce, 0x76, 0xd6,
  0x20, 0xde, 0xed, 0xe5, 0xd4, 0xed, 0xcd, 0xf5, 0xd0, 0xfd, 0xd5, 0x05,
  0xd5, 0x0d, 0xc6, 0x15, 0xa2, 0x1d, 0x60, 0x25, 0xf9, 0x2c, 0x64, 0x34,
  0x9b, 0x3b, 0x96, 0x42, 0x4d, 0x49, 0xbb, 0x4f, 0xd9, 0x55, 0xa0, 0x5b,
  0x0c, 0x61, 0x15, 0x66, 0xb8, 0x6a, 0xf0, 0x6e, 0xb8, 0x72, 0x0d, 0x76,
  0xeb, 0x78, 0x4f, 0x7b, 0x37, 0x7d, 0xa2, 0x7e, 0x8d, 0x7f, 0xf8, 0x7f,
  0xe2, 0x7f, 0x4b, 0x7f, 0x34, 0x7e, 0x9f, 0x7c, 0x8c, 0x7a, 0xfe, 0x77,
  0xf7, 0x74, 0x7b, 0x71, 0x8c, 0x6d, 0x2f, 0x69, 0x69, 0x64, 0x3d, 0x5f,
  0xb2, 0x59, 0xcd, 0x53, 0x93, 0x4d, 0x0b, 0x47, 0x3c, 0x40, 0x2c, 0x39,
  0xe2, 0x31, 0x67, 0x2a, 0xc1, 0x22, 0xf7, 0x1a, 0x13, 0x13, 0x1c, 0x0b,
  0x19, 0x03, 0x14, 0xfb, 0x14, 0xf3, 0x20, 0xeb, 0x41, 0xe3, 0x7f, 0xdb,
  0xe2, 0xd3, 0x71, 0xcc, 0x34, 0xc5, 0x32, 0xbe, 0x73, 0xb7, 0xfc, 0xb0,
  0xd5, 0xaa, 0x03, 0xa5, 0x8d, 0x9f, 0x78, 0x9a, 0xc9, 0x95, 0x85, 0x91,
  0xb0, 0x8d, 0x4e, 0x8a, 0x63, 0x87, 0xf0, 0x84, 0xfa, 0x82, 0x81, 0x81,
  0x88, 0x80, 0x0e, 0x80, 0x15, 0x80, 0x9d, 0x80, 0xa6, 0x81, 0x2d, 0x83,
  0x31, 0x85, 0xb2, 0x87, 0xab, 0x8a, 0x1a, 0x8e, 0xfc, 0x91, 0x4c, 0x96,
  0x07, 0x9b, 0x27, 0xa0, 0xa8, 0xa5, 0x84, 0xab, 0xb4, 0xb1, 0x33, 0xb8,
  0xfb, 0xbe, 0x04, 0xc6, 0x47, 0xcd, 0xbd, 0xd4, 0x5f, 0xdc, 0x25, 0xe4,
  0x06, 0xec, 0xfc, 0xf3, 0xfe, 0xfb, 0x02, 0x04, 0x04, 0x0c, 0xfa, 0x13,
  0xdb, 0x1b, 0xa1, 0x23, 0x43, 0x2b, 0xb9, 0x32, 0xfc, 0x39, 0x05, 0x41,
  0xcd, 0x47, 0x4c, 0x4e, 0x7c, 0x54, 0x58, 0x5a, 0xd9, 0x5f, 0xf9, 0x64,
  0xb4, 0x69, 0x04, 0x6e, 0xe6, 0x71, 0x55, 0x75, 0x4e, 0x78, 0xcf, 0x7a,
  0xd3, 0x7c, 0x5a, 0x7e, 0x63, 0x7f, 0xeb, 0x7f, 0xf2, 0x7f, 0x78, 0x7f,
  0x7f, 0x7e, 0x06, 0x7d, 0x10, 0x7b, 0x9d, 0x78, 0xb2, 0x75, 0x50, 0x72,
  0x7b, 0x6e, 0x37, 0x6a, 0x88, 0x65, 0x73, 0x60, 0xfd, 0x5a, 0x2b, 0x55,
  0x04, 0x4f, 0x8d, 0x48, 0xce, 0x41, 0xcc, 0x3a, 0x8f, 0x33, 0x1e, 0x2c,
  0x81, 0x24, 0xbf, 0x1c, 0xe0, 0x14, 0xec, 0x0c, 0xec, 0x04, 0xe7, 0xfc,
  0xe4, 0xf4, 0xed, 0xec, 0x09, 0xe5, 0x3f, 0xdd, 0x99, 0xd5, 0x1e, 0xce,
  0xd4, 0xc6, 0xc4, 0xbf, 0xf5, 0xb8, 0x6d, 0xb2, 0x33, 0xac, 0x4e, 0xa6,
  0xc3, 0xa0, 0x97, 0x9b, 0xd1, 0x96, 0x74, 0x92, 0x85, 0x8e, 0x09, 0x8b,
  0x02, 0x88, 0x74, 0x85, 0x61, 0x83, 0xcc, 0x81, 0xb5, 0x80, 0x1e, 0x80,
  0x08, 0x80, 0x73, 0x80, 0x5e, 0x81, 0xc9, 0x82, 0xb1, 0x84, 0x15, 0x87,
  0xf3, 0x89, 0x48, 0x8d, 0x10, 0x91, 0x48, 0x95, 0xeb, 0x99, 0xf4, 0x9e,
  0x60, 0xa4, 0x27, 0xaa, 0x45, 0xb0, 0xb3, 0xb6, 0x6a, 0xbd, 0x65, 0xc4,
  0x9c, 0xcb, 0x07, 0xd3, 0xa0, 0xda, 0x5e, 0xe2, 0x3a, 0xea, 0x2b, 0xf2,
  0x2b, 0xfa, 0x30, 0x02, 0x33, 0x0a, 0x2c, 0x12, 0x13, 0x1a, 0xe0, 0x21,
  0x8a, 0x29, 0x0b, 0x31, 0x5b, 0x38, 0x71, 0x3f, 0x48, 0x46, 0xd9, 0x4c,
  0x1c, 0x53, 0x0b, 0x59, 0xa1, 0x5e, 0xd7, 0x63, 0xaa, 0x68, 0x13, 0x6d,
  0x0e, 0x71, 0x98, 0x74, 0xac, 0x77, 0x48, 0x7a, 0x69, 0x7c, 0x0d, 0x7e,
  0x32, 0x7f, 0xd7, 0x7f, 0xfb, 0x7f, 0x9f, 0x7f, 0xc3, 0x7e, 0x67, 0x7d,
  0x8d, 0x7b, 0x36, 0x79, 0x66, 0x76, 0x1f, 0x73, 0x64, 0x6f, 0x38, 0x6b,
  0xa1, 0x66, 0xa3, 0x61, 0x43, 0x5c, 0x85, 0x56, 0x71, 0x50, 0x0c, 0x4a,
  0x5c, 0x43, 0x69, 0x3c, 0x39, 0x35, 0xd3, 0x2d, 0x3f, 0x26, 0x85, 0x1e,
  0xac, 0x16, 0xbd, 0x0e, 0xbe, 0x06, 0xba, 0xfe, 0xb6, 0xf6, 0xbb, 0xee,
  0xd2, 0xe6, 0x02, 0xdf, 0x53, 0xd7, 0xcd, 0xcf, 0x77, 0xc8, 0x5a, 0xc1,
  0x7b, 0xba, 0xe3, 0xb3, 0x97, 0xad, 0x9d, 0xa7, 0xfd, 0xa1, 0xbb, 0x9c,
  0xdd, 0x97, 0x68, 0x93, 0x60, 0x8f, 0xc9, 0x8b, 0xa8, 0x88, 0xfe, 0x85,
  0xcf, 0x83, 0x1d, 0x82, 0xe9, 0x80, 0x35, 0x80, 0x02, 0x80, 0x50, 0x80,
  0x1e, 0x81, 0x6b, 0x82, 0x37, 0x84, 0x7f, 0x86, 0x42, 0x89, 0x7c, 0x8c,
  0x2a, 0x90, 0x49, 0x94, 0xd4, 0x98, 0xc7, 0x9d, 0x1c, 0xa3, 0xcf, 0xa8,
  0xda, 0xae, 0x36, 0xb5, 0xde, 0xbb, 0xca, 0xc2, 0xf3, 0xc9, 0x53, 0xd1,
  0xe2, 0xd8, 0x98, 0xe0, 0x6e, 0xe8, 0x5c, 0xf0, 0x59, 0xf8, 0x5d, 0x00,
  0x61, 0x08, 0x5e, 0x10, 0x49, 0x18, 0x1d, 0x20, 0xd0, 0x27, 0x5b, 0x2f,
  0xb6, 0x36, 0xda, 0x3d, 0xc0, 0x44, 0x61, 0x4b, 0xb6, 0x51, 0xb9, 0x57,
  0x64, 0x5d, 0xb1, 0x62, 0x9a, 0x67, 0x1c, 0x6c, 0x30, 0x70, 0xd4, 0x73,
  0x03, 0x77, 0xbb, 0x79, 0xf8, 0x7b, 0xb8, 0x7d, 0xfa, 0x7e, 0xbd, 0x7f,
  0xfe, 0x7f, 0xc0, 0x7f, 0x00, 0x7f, 0xc1, 0x7d, 0x03, 0x7c, 0xc9, 0x79,
  0x14, 0x77, 0xe8, 0x73, 0x47, 0x70, 0x35, 0x6c, 0xb6, 0x67, 0xce, 0x62,
  0x84, 0x5d, 0xdb, 0x57, 0xda, 0x51, 0x87, 0x4b, 0xe8, 0x44, 0x03, 0x3e,
  0xe0, 0x36, 0x86, 0x2f, 0xfc, 0x27, 0x4a, 0x20, 0x77, 0x18, 0x8c, 0x10,
  0x90, 0x08, 0x8c, 0x00, 0x88, 0xf8, 0x8a, 0xf0, 0x9c, 0xe8, 0xc6, 0xe0,
  0x0e, 0xd9, 0x7f, 0xd1, 0x1d, 0xca, 0xf3, 0xc2, 0x05, 0xbc, 0x5c, 0xb5,
  0xfe, 0xae, 0xf1, 0xa8, 0x3c, 0xa3, 0xe5, 0x9d, 0xef, 0x98, 0x62, 0x94,
  0x41, 0x90, 0x90, 0x8c, 0x53, 0x89, 0x8e, 0x86, 0x43, 0x84, 0x74, 0x82,
  0x24, 0x81, 0x53, 0x80, 0x03, 0x80, 0x33, 0x80, 0xe4, 0x80, 0x14, 0x82,
  0xc4, 0x83, 0xf0, 0x85, 0x97, 0x88, 0xb6, 0x8b, 0x4a, 0x8f, 0x4f, 0x93,
  0xc2, 0x97, 0x9e, 0x9c, 0xdd, 0xa1, 0x7c, 0xa7, 0x73, 0xad, 0xbd, 0xb3,
  0x54, 0xba, 0x31, 0xc1, 0x4d, 0xc8, 0xa2, 0xcf, 0x27, 0xd7, 0xd5, 0xde,
  0xa4, 0xe6, 0x8d, 0xee, 0x87, 0xf6, 0x8b, 0xfe, 0x8f, 0x06, 0x8e, 0x0e,
  0x7e, 0x16, 0x58, 0x1e, 0x13, 0x26, 0xa8, 0x2d, 0x0e, 0x35, 0x40, 0x3c,
  0x35, 0x43, 0xe6, 0x49, 0x4d, 0x50, 0x63, 0x56, 0x22, 0x5c, 0x85, 0x61,
  0x85, 0x66, 0x1f, 0x6b, 0x4d, 0x6f, 0x0a, 0x73, 0x54, 0x76, 0x27, 0x79,
  0x81, 0x7b, 0x5d, 0x7d, 0xbc, 0x7e, 0x9c, 0x7f, 0xfb, 0x7f, 0xd9, 0x7f,
  0x37, 0x7f, 0x15, 0x7e, 0x74, 0x7c, 0x56, 0x7a, 0xbc, 0x77, 0xab, 0x74,
  0x24, 0x71, 0x2b, 0x6d, 0xc5, 0x68, 0xf5, 0x63, 0xc0, 0x5e, 0x2c, 0x59,
  0x3f, 0x53, 0xfe, 0x4c, 0x6f, 0x46, 0x9a, 0x3f, 0x84, 0x38, 0x36, 0x31,
  0xb6, 0x29, 0x0d, 0x22, 0x41, 0x1a, 0x5a, 0x12, 0x62, 0x0a, 0x5e, 0x02,
  0x5a, 0xfa, 0x5a, 0xf2, 0x68, 0xea, 0x8b, 0xe2, 0xcc, 0xda, 0x33, 0xd3,
  0xc6, 0xcb, 0x8e, 0xc4, 0x92, 0xbd, 0xd9, 0xb6, 0x69, 0xb0, 0x4a, 0xaa,
  0x80, 0xa4, 0x13, 0x9f, 0x07, 0x9a, 0x62, 0x95, 0x27, 0x91, 0x5d, 0x8d,
  0x05, 0x8a, 0x25, 0x87, 0xbe, 0x84, 0xd2, 0x82, 0x65, 0x81, 0x77, 0x80,
  0x09, 0x80, 0x1d, 0x80, 0xb0, 0x80, 0xc4, 0x81, 0x56, 0x83, 0x67, 0x85,
  0xf2, 0x87, 0xf6, 0x8a, 0x70, 0x8e, 0x5c, 0x92, 0xb6, 0x96, 0x7a, 0x9b,
  0xa3, 0xa0, 0x2d, 0xa6, 0x10, 0xac, 0x48, 0xb2, 0xce, 0xb8, 0x9c, 0xbf,
  0xab, 0xc6, 0xf3, 0xcd, 0x6d, 0xd5, 0x12, 0xdd, 0xdb, 0xe4, 0xbf, 0xec,
  0xb6, 0xf4, 0xb8, 0xfc, 0xbd, 0x04, 0xbe, 0x0c, 0xb2, 0x14, 0x92, 0x1c,
  0x54, 0x24, 0xf2, 0x2b, 0x64, 0x33, 0xa2, 0x3a, 0xa6, 0x41, 0x67, 0x48,
  0xdf, 0x4e, 0x08, 0x55, 0xdc, 0x5a, 0x54, 0x60, 0x6b, 0x65, 0x1d, 0x6a,
  0x63, 0x6e, 0x3b, 0x72, 0x9f, 0x75, 0x8e, 0x78, 0x03, 0x7b, 0xfc, 0x7c,
  0x78, 0x7e, 0x74, 0x7f, 0xf1, 0x7f, 0xec, 0x7f, 0x67, 0x7f, 0x62, 0x7e,
  0xde, 0x7c, 0xdc, 0x7a, 0x5e, 0x78, 0x68, 0x75, 0xfb, 0x71, 0x1c, 0x6e,
  0xce, 0x69, 0x16, 0x65, 0xf8, 0x5f, 0x79, 0x5a, 0x9f, 0x54, 0x71, 0x4e,
  0xf3, 0x47, 0x2d, 0x41, 0x26, 0x3a, 0xe4, 0x32, 0x6f, 0x2b, 0xce, 0x23,
  0x09, 0x1c, 0x28, 0x14, 0x33, 0x0c, 0x31, 0x04, 0x2c, 0xfc, 0x2a, 0xf4,
  0x34, 0xec, 0x52, 0xe4, 0x8c, 0xdc, 0xe9, 0xd4, 0x72, 0xcd, 0x2d, 0xc6,
  0x23, 0xbf, 0x5a, 0xb8, 0xd9, 0xb1, 0xa7, 0xab, 0xc9, 0xa5, 0x46, 0xa0,
  0x24, 0x9b, 0x67, 0x96, 0x14, 0x92, 0x2f, 0x8e, 0xbe, 0x8a, 0xc2, 0x87,
  0x3f, 0x85, 0x37, 0x83, 0xad, 0x81, 0xa2, 0x80, 0x17, 0x80, 0x0d, 0x80,
  0x83, 0x80, 0x7a, 0x81, 0xf0, 0x82, 0xe4, 0x84, 0x53, 0x87, 0x3c, 0x8a,
  0x9b, 0x8d, 0x6e, 0x91, 0xaf, 0x95, 0x5c, 0x9a, 0x6f, 0x9f, 0xe2, 0xa4,
  0xb2, 0xaa, 0xd7, 0xb0, 0x4c, 0xb7, 0x0a, 0xbe, 0x0b, 0xc5, 0x46, 0xcc,
  0xb6, 0xd3, 0x52, 0xdb, 0x13, 0xe3, 0xf2, 0xea, 0xe5, 0xf2, 0xe6, 0xfa,
  0xea, 0x02, 0xed, 0x0a, 0xe5, 0x12, 0xca, 0x1a, 0x94, 0x22, 0x3b, 0x2a,
  0xb7, 0x31, 0x02, 0x39, 0x13, 0x40, 0xe4, 0x46, 0x6e, 0x4d, 0xa9, 0x53,
  0x91, 0x59, 0x1e, 0x5f, 0x4c, 0x64, 0x15, 0x69, 0x74, 0x6d, 0x65, 0x71,
  0xe4, 0x74, 0xee, 0x77, 0x7f, 0x7a, 0x94, 0x7c, 0x2d, 0x7e, 0x46, 0x7f,
  0xe0, 0x7f, 0xf8, 0x7f, 0x91, 0x7f, 0xa8, 0x7e, 0x41, 0x7d, 0x5b, 0x7b,
  0xfa, 0x78, 0x1f, 0x76, 0xcd, 0x72, 0x07, 0x6f, 0xd2, 0x6a, 0x31, 0x66,
  0x2a, 0x61, 0xc1, 0x5b, 0xfb, 0x55, 0xe0, 0x4f, 0x73, 0x49, 0xbd, 0x42,
  0xc4, 0x3b, 0x8f, 0x34, 0x25, 0x2d, 0x8d, 0x25, 0xd0, 0x1d, 0xf4, 0x15,
  0x03, 0x0e, 0x04, 0x06, 0xff, 0xfd, 0xfb, 0xf5, 0x02, 0xee, 0x1b, 0xe6,
  0x4d, 0xde, 0xa2, 0xd6, 0x20, 0xcf, 0xcf, 0xc7, 0xb7, 0xc0, 0xdf, 0xb9,
  0x4d, 0xb3, 0x08, 0xad, 0x17, 0xa7, 0x7f, 0xa1, 0x46, 0x9c, 0x71, 0x97,
  0x06, 0x93, 0x08, 0x8f, 0x7c, 0x8b, 0x65, 0x88, 0xc6, 0x85, 0xa2, 0x83,
  0xfb, 0x81, 0xd3, 0x80, 0x2b, 0x80, 0x04, 0x80, 0x5d, 0x80, 0x37, 0x81,
  0x90, 0x82, 0x67, 0x84, 0xbb, 0x86, 0x88, 0x89, 0xcd, 0x8c, 0x85, 0x90,
  0xae, 0x94, 0x43, 0x99, 0x3f, 0x9e, 0x9d, 0xa3, 0x58, 0xa9, 0x6a, 0xaf,
  0xce, 0xb5, 0x7c, 0xbc, 0x6e, 0xc3, 0x9d, 0xca, 0x01, 0xd2, 0x94, 0xd9,
  0x4d, 0xe1, 0x26, 0xe9, 0x15, 0xf1, 0x13, 0xf9, 0x18, 0x01, 0x1c, 0x09,
  0x17, 0x11, 0x01, 0x19, 0xd1, 0x20, 0x81, 0x28, 0x08, 0x30, 0x5e, 0x37,
  0x7d, 0x3e, 0x5e, 0x45, 0xf8, 0x4b, 0x46, 0x52, 0x41, 0x58, 0xe3, 0x5d,
  0x27, 0x63, 0x07, 0x68, 0x7f, 0x6c, 0x8a, 0x70, 0x23, 0x74, 0x47, 0x77,
  0xf4, 0x79, 0x26, 0x7c, 0xdb, 0x7d, 0x11, 0x7f, 0xc8, 0x7f, 0xfe, 0x7f,
  0xb3, 0x7f, 0xe8, 0x7e, 0x9e, 0x7d, 0xd5, 0x7b, 0x8f, 0x79, 0xcf, 0x76,
  0x98, 0x73, 0xed, 0x6f, 0xd0, 0x6b, 0x48, 0x67, 0x57, 0x62, 0x04, 0x5d,
  0x53, 0x57, 0x4a, 0x51, 0xf0, 0x4a, 0x4a, 0x44, 0x5f, 0x3d, 0x37, 0x36,
  0xd8, 0x2e, 0x4a, 0x27, 0x95, 0x1f, 0xc0, 0x17, 0xd3, 0x0f, 0xd6, 0x07,
  0xd2, 0xff, 0xcd, 0xf7, 0xd1, 0xef, 0xe4, 0xe7, 0x11, 0xe0, 0x5d, 0xd8,
  0xd1, 0xd0, 0x74, 0xc9, 0x4f, 0xc2, 0x67, 0xbb, 0xc5, 0xb4, 0x6e, 0xae,
  0x69, 0xa8, 0xbc, 0xa2, 0x6d, 0x9d, 0x81, 0x98, 0xfd, 0x93, 0xe6, 0x8f,
  0x40, 0x8c, 0x0e, 0x89, 0x54, 0x86, 0x14, 0x84, 0x50, 0x82, 0x0c, 0x81,
  0x46, 0x80, 0x02, 0x80, 0x3e, 0x80, 0xfa, 0x80, 0x36, 0x82, 0xf1, 0x83,
  0x29, 0x86, 0xdb, 0x88, 0x04, 0x8c, 0xa3, 0x8f, 0xb3, 0x93, 0x2f, 0x98,
  0x14, 0x9d, 0x5c, 0xa2, 0x03, 0xa8, 0x02, 0xae, 0x53, 0xb4, 0xf1, 0xba,
  0xd4, 0xc1, 0xf6, 0xc8, 0x4f, 0xd0, 0xd8, 0xd7, 0x89, 0xdf, 0x5b, 0xe7,
  0x46, 0xef, 0x41, 0xf7, 0x46, 0xff, 0x4a, 0x07, 0x48, 0x0f, 0x36, 0x17,
  0x0d, 0x1f, 0xc5, 0x26, 0x56, 0x2e, 0xb8, 0x35, 0xe4, 0x3c, 0xd3, 0x43,
  0x7e, 0x4a, 0xde, 0x50, 0xec, 0x56, 0xa4, 0x5c, 0xfd, 0x61, 0xf5, 0x66,
  0x85, 0x6b, 0xa8, 0x6f, 0x5c, 0x73, 0x9b, 0x76, 0x63, 0x79, 0xb1, 0x7b,
  0x83, 0x7d, 0xd6, 0x7e, 0xaa, 0x7f, 0xfd, 0x7f, 0xd0, 0x7f, 0x22, 0x7f,
  0xf4, 0x7d, 0x48, 0x7c, 0x1e, 0x7a, 0x7a, 0x77, 0x5e, 0x74, 0xcc, 0x70,
  0xc9, 0x6c, 0x59, 0x68, 0x80, 0x63, 0x42, 0x5e, 0xa6, 0x58, 0xb1, 0x52,
  0x68, 0x4c, 0xd3, 0x45, 0xf8, 0x3e, 0xdd, 0x37, 0x8a, 0x30, 0x06, 0x29,
  0x59, 0x21, 0x8a, 0x19, 0xa2, 0x11, 0xa7, 0x09, 0xa4, 0x01, 0x9f, 0xf9,
  0xa0, 0xf1, 0xb0, 0xe9, 0xd5, 0xe1, 0x1a, 0xda, 0x84, 0xd2, 0x1c, 0xcb,
  0xe9, 0xc3, 0xf3, 0xbc, 0x40, 0xb6, 0xd7, 0xaf, 0xbf, 0xa9, 0xfe, 0xa3,
  0x99, 0x9e, 0x97, 0x99, 0xfb, 0x94, 0xcb, 0x90, 0x0a, 0x8d, 0xbe, 0x89,
  0xe8, 0x86, 0x8c, 0x84, 0xac, 0x82, 0x4a, 0x81, 0x68, 0x80, 0x06, 0x80,
  0x25, 0x80, 0xc4, 0x80, 0xe3, 0x81, 0x81, 0x83, 0x9d, 0x85, 0x33, 0x88,
  0x42, 0x8b, 0xc6, 0x8e, 0xbd, 0x92, 0x21, 0x97, 0xee, 0x9b, 0x20, 0xa1,
  0xb2, 0xa6, 0x9e, 0xac, 0xdd, 0xb2, 0x6a, 0xb9, 0x3e, 0xc0, 0x52, 0xc7,
  0x9f, 0xce, 0x1d, 0xd6, 0xc6, 0xdd, 0x92, 0xe5, 0x77, 0xed, 0x70, 0xf5,
  0x73, 0xfd, 0x78, 0x05, 0x78, 0x0d, 0x6a, 0x15, 0x48, 0x1d, 0x07, 0x25,
  0xa2, 0x2c, 0x0f, 0x34, 0x48, 0x3b, 0x46, 0x42, 0x01, 0x49, 0x72, 0x4f,
  0x94, 0x55, 0x5f, 0x5b, 0xcf, 0x60, 0xdd, 0x65, 0x85, 0x6a, 0xc1, 0x6e,
  0x8e, 0x72, 0xe8, 0x75, 0xcc, 0x78, 0x36, 0x7b, 0x24, 0x7d, 0x94, 0x7e,
  0x85, 0x7f, 0xf5, 0x7f, 0xe5, 0x7f, 0x55, 0x7f, 0x44, 0x7e, 0xb4, 0x7c,
  0xa7, 0x7a, 0x1e, 0x78, 0x1d, 0x75, 0xa6, 0x71, 0xbc, 0x6d, 0x64, 0x69,
  0xa3, 0x64, 0x7c, 0x5f, 0xf5, 0x59, 0x13, 0x54, 0xdd, 0x4d, 0x58, 0x47,
  0x8c, 0x40, 0x7f, 0x39, 0x38, 0x32, 0xbf, 0x2a, 0x1a, 0x23, 0x53, 0x1b,
  0x6f, 0x13, 0x79, 0x0b, 0x76, 0x03, 0x72, 0xfb, 0x70, 0xf3, 0x7c, 0xeb,
  0x9c, 0xe3, 0xd9, 0xdb, 0x3a, 0xd4, 0xc7, 0xcc, 0x87, 0xc5, 0x82, 0xbe,
  0xc0, 0xb7, 0x46, 0xb1, 0x1b, 0xab, 0x45, 0xa5, 0xcb, 0x9f, 0xb1, 0x9a,
  0xfe, 0x95, 0xb5, 0x91, 0xda, 0x8d, 0x73, 0x8a, 0x82, 0x87, 0x0a, 0x85,
  0x0e, 0x83, 0x8f, 0x81, 0x90, 0x80, 0x11, 0x80, 0x12, 0x80, 0x94, 0x80,
  0x97, 0x81, 0x18, 0x83, 0x17, 0x85, 0x92, 0x87, 0x86, 0x8a, 0xf0, 0x8d,
  0xcc, 0x91, 0x18, 0x96, 0xce, 0x9a, 0xea, 0x9f, 0x66, 0xa5, 0x3e, 0xab,
  0x6a, 0xb1, 0xe6, 0xb7, 0xab, 0xbe, 0xb1, 0xc5, 0xf1, 0xcc, 0x65, 0xd4,
  0x05, 0xdc, 0xc9, 0xe3, 0xaa, 0xeb, 0x9f, 0xf3, 0xa0, 0xfb, 0xa5, 0x03,
  0xa7, 0x0b, 0x9e, 0x13, 0x80, 0x1b, 0x47, 0x23, 0xeb, 0x2a, 0x63, 0x32,
  0xa9, 0x39, 0xb5, 0x40, 0x7f, 0x47, 0x02, 0x4e, 0x36, 0x54, 0x16, 0x5a,
  0x9b, 0x5f, 0xbf, 0x64, 0x7f, 0x69, 0xd4, 0x6d, 0xbb, 0x71, 0x30, 0x75,
  0x2e, 0x78, 0xb4, 0x7a, 0xbf, 0x7c, 0x4b, 0x7e, 0x59, 0x7f, 0xe7, 0x7f,
  0xf4, 0x7f, 0x81, 0x7f, 0x8d, 0x7e, 0x1a, 0x7d, 0x29, 0x7b, 0xbc, 0x78,
  0xd6, 0x75, 0x7a, 0x72, 0xaa, 0x6e, 0x6b, 0x6a, 0xc1, 0x65, 0xb0, 0x60,
  0x3e, 0x5b, 0x71, 0x55, 0x4d, 0x4f, 0xda, 0x48, 0x1e, 0x42, 0x1f, 0x3b,
  0xe4, 0x33, 0x76, 0x2c, 0xda, 0x24, 0x1a, 0x1d, 0x3c, 0x15, 0x49, 0x0d,
  0x49, 0x05, 0x44, 0xfd, 0x41, 0xf5, 0x49, 0xed, 0x64, 0xe5, 0x99, 0xdd,
  0xf1, 0xd5, 0x74, 0xce, 0x28, 0xc7, 0x15, 0xc0, 0x43, 0xb9, 0xb8, 0xb2,
  0x7a, 0xac, 0x91, 0xa6, 0x01, 0xa1, 0xd1, 0x9b, 0x06, 0x97, 0xa4, 0x92,
  0xb1, 0x8e, 0x2f, 0x8b, 0x23, 0x88, 0x8f, 0x85, 0x77, 0x83, 0xdb, 0x81,
  0xbf, 0x80, 0x22, 0x80, 0x07, 0x80, 0x6c, 0x80, 0x51, 0x81, 0xb5, 0x82,
  0x98, 0x84, 0xf7, 0x86, 0xcf, 0x89, 0x1f, 0x8d, 0xe2, 0x90, 0x14, 0x95,
  0xb3, 0x99, 0xb8, 0x9e, 0x1f, 0xa4, 0xe2, 0xa9, 0xfc, 0xaf, 0x66, 0xb6,
  0x1b, 0xbd, 0x13, 0xc4, 0x47, 0xcb, 0xb0, 0xd2, 0x46, 0xda, 0x03, 0xe2,
  0xde, 0xe9, 0xcf, 0xf1, 0xce, 0xf9, 0xd2, 0x01, 0xd6, 0x09, 0xd0, 0x11,
  0xb8, 0x19, 0x86, 0x21, 0x32, 0x29, 0xb5, 0x30, 0x07, 0x38, 0x20, 0x3f,
  0xfa, 0x45, 0x8e, 0x4c, 0xd4, 0x52, 0xc8, 0x58, 0x62, 0x5e, 0x9d, 0x63,
  0x74, 0x68, 0xe2, 0x6c, 0xe2, 0x70, 0x71, 0x74, 0x8b, 0x77, 0x2c, 0x7a,
  0x53, 0x7c, 0xfc, 0x7d, 0x27, 0x7f, 0xd2, 0x7f, 0xfd, 0x7f, 0xa6, 0x7f,
  0xd0, 0x7e, 0x79, 0x7d, 0xa5, 0x7b, 0x54, 0x79, 0x89, 0x76, 0x47, 0x73,
  0x91, 0x6f, 0x6b, 0x6b, 0xd9, 0x66, 0xdf, 0x61, 0x83, 0x5c, 0xca, 0x56,
  0xba, 0x50, 0x58, 0x4a, 0xac, 0x43, 0xbb, 0x3c, 0x8e, 0x35, 0x2a, 0x2e,
  0x99, 0x26, 0xe0, 0x1e, 0x08, 0x17, 0x19, 0x0f, 0x1b, 0x07, 0x17, 0xff,
  0x13, 0xf7, 0x17, 0xef, 0x2d, 0xe7, 0x5c, 0xdf, 0xab, 0xd7, 0x23, 0xd0,
  0xcc, 0xc8, 0xab, 0xc1, 0xca, 0xba, 0x2e, 0xb4, 0xde, 0xad, 0xe1, 0xa7,
  0x3c, 0xa2, 0xf6, 0x9c, 0x14, 0x98, 0x9a, 0x93, 0x8d, 0x8f, 0xf1, 0x8b,
  0xca, 0x88, 0x1a, 0x86, 0xe6, 0x83, 0x2e, 0x82, 0xf4, 0x80, 0x3b, 0x80,
  0x02, 0x80, 0x49, 0x80, 0x12, 0x81, 0x59, 0x82, 0x1f, 0x84, 0x62, 0x86,
  0x1f, 0x89, 0x54, 0x8c, 0xfd, 0x8f, 0x17, 0x94, 0x9d, 0x98, 0x8b, 0x9d,
  0xdc, 0xa2, 0x8b, 0xa8, 0x92, 0xae, 0xea, 0xb4, 0x8f, 0xbb, 0x78, 0xc2,
  0x9f, 0xc9, 0xfc, 0xd0, 0x89, 0xd8, 0x3e, 0xe0, 0x12, 0xe8, 0xff, 0xef,
  0xfc, 0xf7, 0x00, 0x00, 0x04, 0x08, 0x01, 0x10, 0xee, 0x17, 0xc2, 0x1f,
  0x77, 0x27, 0x04, 0x2f, 0x61, 0x36, 0x88, 0x3d, 0x71, 0x44, 0x16, 0x4b,
  0x6e, 0x51, 0x75, 0x57, 0x24, 0x5d, 0x75, 0x62, 0x63, 0x67, 0xe9, 0x6b,
  0x03, 0x70, 0xac, 0x73, 0xe1, 0x76, 0x9e, 0x79, 0xe1, 0x7b, 0xa7, 0x7d,
  0xee, 0x7e, 0xb7, 0x7f, 0xfe, 0x7f, 0xc5, 0x7f, 0x0c, 0x7f, 0xd2, 0x7d,
  0x1a, 0x7c, 0xe6, 0x79, 0x36, 0x77, 0x0f, 0x74, 0x73, 0x70, 0x66, 0x6c,
  0xec, 0x67, 0x0a, 0x63, 0xc4, 0x5d, 0x1f, 0x58, 0x22, 0x52, 0xd2, 0x4b,
  0x36, 0x45, 0x55, 0x3e, 0x34, 0x37, 0xdd, 0x2f, 0x55, 0x28, 0xa4, 0x20,
  0xd3, 0x18, 0xe9, 0x10, 0xed, 0x08, 0xe9, 0x00, 0xe5, 0xf8, 0xe7, 0xf0,
  0xf8, 0xe8, 0x20, 0xe1, 0x67, 0xd9, 0xd6, 0xd1, 0x72, 0xca, 0x45, 0xc3,
  0x54, 0xbc, 0xa8, 0xb5, 0x46, 0xaf, 0x36, 0xa9, 0x7d, 0xa3, 0x21, 0x9e,
  0x27, 0x99, 0x95, 0x94, 0x6f, 0x90, 0xb9, 0x8c, 0x77, 0x89, 0xac, 0x86,
  0x5b, 0x84, 0x87, 0x82, 0x30, 0x81, 0x5a, 0x80, 0x03, 0x80, 0x2e, 0x80,
  0xd9, 0x80, 0x04, 0x82, 0xad, 0x83, 0xd4, 0x85, 0x75, 0x88, 0x8f, 0x8b,
  0x1e, 0x8f, 0x1e, 0x93, 0x8c, 0x97, 0x63, 0x9c, 0x9e, 0xa1, 0x38, 0xa7,
  0x2c, 0xad, 0x72, 0xb3, 0x06, 0xba, 0xe0, 0xc0, 0xf9, 0xc7, 0x4b, 0xcf,
  0xce, 0xd6, 0x7a, 0xde, 0x48, 0xe6, 0x30, 0xee, 0x2a, 0xf6, 0x2e, 0xfe,
  0x32, 0x06, 0x31, 0x0e, 0x22, 0x16, 0xfd, 0x1d, 0xba, 0x25, 0x50, 0x2d,
  0xb9, 0x34, 0xed, 0x3b, 0xe5, 0x42, 0x9a, 0x49, 0x04, 0x50, 0x1e, 0x56,
  0xe1, 0x5b, 0x48, 0x61, 0x4d, 0x66, 0xec, 0x6a, 0x1e, 0x6f, 0xe1, 0x72,
  0x31, 0x76, 0x09, 0x79, 0x68, 0x7b, 0x4b, 0x7d, 0xaf, 0x7e, 0x94, 0x7f,
  0xf9, 0x7f, 0xde, 0x7f, 0x41, 0x7f, 0x25, 0x7e, 0x89, 0x7c, 0x71, 0x7a,
  0xdd, 0x77, 0xd1, 0x74, 0x4f, 0x71, 0x5c, 0x6d, 0xfa, 0x68, 0x2f, 0x64,
  0xff, 0x5e, 0x6f, 0x59, 0x86, 0x53, 0x48, 0x4d, 0xbd, 0x46, 0xeb, 0x3f,
  0xd8, 0x38, 0x8c, 0x31, 0x0f, 0x2a, 0x67, 0x22, 0x9c, 0x1a, 0xb7, 0x12,
  0xbf, 0x0a, 0xbc, 0x02, 0xb7, 0xfa, 0xb7, 0xf2, 0xc4, 0xea, 0xe6, 0xe2,
  0x26, 0xdb, 0x8a, 0xd3, 0x1c, 0xcc, 0xe1, 0xc4, 0xe2, 0xbd, 0x26, 0xb7,
  0xb3, 0xb0, 0x8f, 0xaa, 0xc2, 0xa4, 0x50, 0x9f, 0x3f, 0x9a, 0x95, 0x95,
  0x56, 0x91, 0x86, 0x8d, 0x2a, 0x8a, 0x44, 0x87, 0xd7, 0x84, 0xe6, 0x82,
  0x73, 0x81, 0x7f, 0x80, 0x0c, 0x80, 0x19, 0x80, 0xa7, 0x80, 0xb5, 0x81,
  0x41, 0x83, 0x4c, 0x85, 0xd2, 0x87, 0xd0, 0x8a, 0x45, 0x8e, 0x2c, 0x92,
  0x81, 0x96, 0x41, 0x9b, 0x65, 0xa0, 0xea, 0xa5, 0xca, 0xab, 0xfe, 0xb1,
  0x81, 0xb8, 0x4b, 0xbf, 0x57, 0xc6, 0x9d, 0xcd, 0x15, 0xd5, 0xb9, 0xdc,
  0x80, 0xe4, 0x62, 0xec, 0x59, 0xf4, 0x5b, 0xfc, 0x60, 0x04, 0x61, 0x0c,
  0x56, 0x14, 0x37, 0x1c, 0xfb, 0x23, 0x9b, 0x2b, 0x0f, 0x33, 0x4f, 0x3a,
  0x55, 0x41, 0x1a, 0x48, 0x96, 0x4e, 0xc2, 0x54, 0x9a, 0x5a, 0x16, 0x60,
  0x32, 0x65, 0xe8, 0x69, 0x34, 0x6e, 0x10, 0x72, 0x7a, 0x75, 0x6e, 0x78,
  0xe9, 0x7a, 0xe8, 0x7c, 0x69, 0x7e, 0x6c, 0x7f, 0xee, 0x7f, 0xef, 0x7f,
  0x70, 0x7f, 0x71, 0x7e, 0xf2, 0x7c, 0xf6, 0x7a, 0x7e, 0x78, 0x8d, 0x75,
  0x26, 0x72, 0x4b, 0x6e, 0x02, 0x6a, 0x4f, 0x65, 0x35, 0x60, 0xbb, 0x5a,
  0xe5, 0x54, 0xba, 0x4e, 0x40, 0x48, 0x7e, 0x41, 0x79, 0x3a, 0x39, 0x33,
  0xc6, 0x2b, 0x27, 0x24, 0x64, 0x1c, 0x84, 0x14, 0x90, 0x0c, 0x8e, 0x04,
  0x8a, 0xfc, 0x87, 0xf4, 0x91, 0xec, 0xad, 0xe4, 0xe6, 0xdc, 0x41, 0xd5,
  0xc8, 0xcd, 0x81, 0xc6, 0x74, 0xbf, 0xa8, 0xb8, 0x23, 0xb2, 0xed, 0xab,
  0x0b, 0xa6, 0x84, 0xa0, 0x5d, 0x9b, 0x9c, 0x96, 0x44, 0x92, 0x5a, 0x8e,
  0xe3, 0x8a, 0xe2, 0x87, 0x59, 0x85, 0x4c, 0x83, 0xbc, 0x81, 0xab, 0x80,
  0x1b, 0x80, 0x0b, 0x80, 0x7b, 0x80, 0x6c, 0x81, 0xdc, 0x82, 0xca, 0x84,
  0x34, 0x87, 0x18, 0x8a, 0x72, 0x8d, 0x3f, 0x91, 0x7b, 0x95, 0x23, 0x9a,
  0x31, 0x9f, 0xa1, 0xa4, 0x6c, 0xaa, 0x8e, 0xb0, 0xff, 0xb6, 0xba, 0xbd,
  0xb8, 0xc4, 0xf1, 0xcb, 0x5e, 0xd3, 0xf9, 0xda, 0xb8, 0xe2, 0x96, 0xea,
  0x88, 0xf2, 0x88, 0xfa, 0x8d, 0x02, 0x90, 0x0a, 0x89, 0x12, 0x6e, 0x1a,
  0x3a, 0x22, 0xe3, 0x29, 0x61, 0x31, 0xae, 0x38, 0xc2, 0x3f, 0x96, 0x46,
  0x23, 0x4d, 0x62, 0x53, 0x4e, 0x59, 0xe0, 0x5e, 0x12, 0x64, 0xdf, 0x68,
  0x43, 0x6d, 0x3a, 0x71, 0xbe, 0x74, 0xcd, 0x77, 0x63, 0x7a, 0x7f, 0x7c,
  0x1d, 0x7e, 0x3c, 0x7f, 0xdb, 0x7f, 0xfa, 0x7f, 0x98, 0x7f, 0xb6, 0x7e,
  0x54, 0x7d, 0x74, 0x7b, 0x18, 0x79, 0x42, 0x76, 0xf6, 0x72, 0x35, 0x6f,
  0x05, 0x6b, 0x69, 0x66, 0x67, 0x61, 0x02, 0x5c, 0x41, 0x56, 0x29, 0x50,
  0xc0, 0x49, 0x0d, 0x43, 0x17, 0x3c, 0xe4, 0x34, 0x7c, 0x2d, 0xe6, 0x25,
  0x2b, 0x1e, 0x50, 0x16, 0x60, 0x0e, 0x61, 0x06, 0x5c, 0xfe, 0x59, 0xf6,
  0x5e, 0xee, 0x76, 0xe6, 0xa7, 0xde, 0xfa, 0xd6, 0x76, 0xcf, 0x23, 0xc8,
  0x08, 0xc1, 0x2d, 0xba, 0x98, 0xb3, 0x4f, 0xad, 0x5a, 0xa7, 0xbe, 0xa1,
  0x80, 0x9c, 0xa7, 0x97, 0x37, 0x93, 0x34, 0x8f, 0xa2, 0x8b, 0x86, 0x88,
  0xe2, 0x85, 0xb8, 0x83, 0x0c, 0x82, 0xde, 0x80, 0x30, 0x80, 0x03, 0x80,
  0x56, 0x80, 0x2a, 0x81, 0x7d, 0x82, 0x4f, 0x84, 0x9d, 0x86, 0x65, 0x89,
  0xa4, 0x8c, 0x58, 0x90, 0x7b, 0x94, 0x0b, 0x99, 0x03, 0x9e, 0x5c, 0xa3,
  0x14, 0xa9, 0x22, 0xaf, 0x82, 0xb5, 0x2d, 0xbc, 0x1c, 0xc3, 0x48, 0xca,
  0xaa, 0xd1, 0x3b, 0xd9, 0xf3, 0xe0, 0xca, 0xe8, 0xb8, 0xf0, 0xb6, 0xf8,
  0xba, 0x00, 0xbf, 0x08, 0xba, 0x10, 0xa5, 0x18, 0x77, 0x20, 0x28, 0x28,
  0xb1, 0x2f, 0x0a, 0x37, 0x2c, 0x3e, 0x0f, 0x45, 0xad, 0x4b, 0xfe, 0x51,
  0xfd, 0x57, 0xa4, 0x5d, 0xec, 0x62, 0xd1, 0x67, 0x4d, 0x6c, 0x5d, 0x70,
  0xfc, 0x73, 0x25, 0x77, 0xd7, 0x79, 0x0f, 0x7c, 0xca, 0x7d, 0x06, 0x7f,
  0xc2, 0x7f, 0xfe, 0x7f, 0xba, 0x7f, 0xf4, 0x7e, 0xb0, 0x7d, 0xec, 0x7b,
  0xac, 0x79, 0xf2, 0x76, 0xc0, 0x73, 0x1a, 0x70, 0x03, 0x6c, 0x7f, 0x67,
  0x93, 0x62, 0x44, 0x5d, 0x97, 0x57, 0x92, 0x51, 0x3b, 0x4b, 0x99, 0x44,
  0xb1, 0x3d, 0x8c, 0x36, 0x2f, 0x2f, 0xa3, 0x27, 0xef, 0x1f, 0x1c, 0x18,
  0x2f, 0x10, 0x33, 0x08, 0x2e, 0x00, 0x2a, 0xf8, 0x2d, 0xf0, 0x40, 0xe8,
  0x6b, 0xe0, 0xb6, 0xd8, 0x28, 0xd1, 0xc9, 0xc9, 0xa1, 0xc2, 0xb6, 0xbb,
  0x10, 0xb5, 0xb6, 0xae, 0xad, 0xa8, 0xfc, 0xa2, 0xa9, 0x9d, 0xb8, 0x98,
  0x30, 0x94, 0x13, 0x90, 0x68, 0x8c, 0x31, 0x89, 0x71, 0x86, 0x2b, 0x84,
  0x62, 0x82, 0x18, 0x81, 0x4d, 0x80, 0x02, 0x80, 0x38, 0x80, 0xef, 0x80,
  0x25, 0x82, 0xda, 0x83, 0x0c, 0x86, 0xb9, 0x88, 0xdd, 0x8b, 0x76, 0x8f,
  0x81, 0x93, 0xf9, 0x97, 0xd9, 0x9c, 0x1d, 0xa2, 0xbf, 0xa7, 0xba, 0xad,
  0x08, 0xb4, 0xa2, 0xba, 0x83, 0xc1, 0xa2, 0xc8, 0xf8, 0xcf, 0x7f, 0xd7,
  0x2f, 0xdf, 0xff, 0xe6, 0xe9, 0xee, 0xe4, 0xf6, 0xe8, 0xfe, 0xed, 0x06,
  0xeb, 0x0e, 0xda, 0x16, 0xb3, 0x1e, 0x6c, 0x26, 0xff, 0x2d, 0x63, 0x35,
  0x92, 0x3c, 0x84, 0x43, 0x32, 0x4a, 0x96, 0x50, 0xa8, 0x56, 0x63, 0x5c,
  0xc1, 0x61, 0xbd, 0x66, 0x52, 0x6b, 0x7b, 0x6f, 0x33, 0x73, 0x78, 0x76,
  0x45, 0x79, 0x99, 0x7b, 0x70, 0x7d, 0xc9, 0x7e, 0xa3, 0x7f, 0xfc, 0x7f,
  0xd5, 0x7f, 0x2d, 0x7f, 0x05, 0x7e, 0x5e, 0x7c, 0x3a, 0x7a, 0x9b, 0x77,
  0x84, 0x74, 0xf8, 0x70, 0xfa, 0x6c, 0x8f, 0x68, 0xba, 0x63, 0x81, 0x5e,
  0xe9, 0x58, 0xf8, 0x52, 0xb3, 0x4c, 0x21, 0x46, 0x49, 0x3f, 0x31, 0x38,
  0xe0, 0x30, 0x5e, 0x29, 0xb3, 0x21, 0xe5, 0x19, 0xfe, 0x11, 0x05, 0x0a,
  0x01, 0x02, 0xfc, 0xf9, 0xfd, 0xf1, 0x0c, 0xea, 0x30, 0xe2, 0x73, 0xda,
  0xdb, 0xd2, 0x71, 0xcb, 0x3c, 0xc4, 0x43, 0xbd, 0x8d, 0xb6, 0x20, 0xb0,
  0x05, 0xaa, 0x3f, 0xa4, 0xd6, 0x9e, 0xcf, 0x99, 0x2e, 0x95, 0xf9, 0x90,
  0x33, 0x8d, 0xe1, 0x89, 0x06, 0x87, 0xa5, 0x84, 0xbf, 0x82, 0x58, 0x81,
  0x6f, 0x80, 0x08, 0x80, 0x20, 0x80, 0xba, 0x80, 0xd3, 0x81, 0x6c, 0x83,
  0x81, 0x85, 0x12, 0x88, 0x1c, 0x8b, 0x9b, 0x8e, 0x8c, 0x92, 0xeb, 0x96,
  0xb4, 0x9b, 0xe2, 0xa0, 0x6f, 0xa6, 0x57, 0xac, 0x92, 0xb2, 0x1c, 0xb9,
  0xed, 0xbf, 0xfe, 0xc6, 0x49, 0xce, 0xc5, 0xd5, 0x6c, 0xdd, 0x36, 0xe5,
  0x1b, 0xed, 0x13, 0xf5, 0x16, 0xfd, 0x1a, 0x05, 0x1b, 0x0d, 0x0e, 0x15,
  0xed, 0x1c, 0xae, 0x24, 0x4a, 0x2c, 0xba, 0x33, 0xf5, 0x3a, 0xf6, 0x41,
  0xb4, 0x48, 0x29, 0x4f, 0x4e, 0x55, 0x1e, 0x5b, 0x91, 0x60, 0xa4, 0x65,
  0x51, 0x6a, 0x92, 0x6e, 0x65, 0x72, 0xc4, 0x75, 0xad, 0x78, 0x1c, 0x7b,
  0x10, 0x7d, 0x86, 0x7e, 0x7d, 0x7f, 0xf3, 0x7f, 0xe9, 0x7f, 0x5e, 0x7f,
  0x53, 0x7e, 0xc9, 0x7c, 0xc1, 0x7a, 0x3e, 0x78, 0x42, 0x75, 0xd1, 0x71,
  0xec, 0x6d, 0x99, 0x69, 0xdc, 0x64, 0xba, 0x5f, 0x37, 0x5a, 0x59, 0x54,
  0x27, 0x4e, 0xa6, 0x47, 0xdd, 0x40, 0xd3, 0x39, 0x8e, 0x32, 0x17, 0x2b,
  0x74, 0x23, 0xae, 0x1b, 0xcc, 0x13, 0xd6, 0x0b, 0xd4, 0x03, 0xcf, 0xfb,
  0xcd, 0xf3, 0xd8, 0xeb, 0xf7, 0xe3, 0x32, 0xdc, 0x91, 0xd4, 0x1c, 0xcd,
  0xda, 0xc5, 0xd3, 0xbe, 0x0d, 0xb8, 0x8f, 0xb1, 0x61, 0xab, 0x87, 0xa5,
  0x08, 0xa0, 0xea, 0x9a, 0x32, 0x96, 0xe4, 0x91, 0x05, 0x8e, 0x98, 0x8a,
  0xa2, 0x87, 0x24, 0x85, 0x22, 0x83, 0x9e, 0x81, 0x99, 0x80, 0x14, 0x80,
  0x0f, 0x80, 0x8c, 0x80, 0x88, 0x81, 0x04, 0x83, 0xfd, 0x84, 0x72, 0x87,
  0x61, 0x8a, 0xc5, 0x8d, 0x9d, 0x91, 0xe3, 0x95, 0x95, 0x9a, 0xac, 0x9f,
  0x24, 0xa5, 0xf8, 0xaa, 0x21, 0xb1, 0x99, 0xb7, 0x5a, 0xbe, 0x5e, 0xc5,
  0x9c, 0xcc, 0x0e, 0xd4, 0xac, 0xdb, 0x6e, 0xe3, 0x4e, 0xeb, 0x42, 0xf3,
  0x43, 0xfb, 0x48, 0x03, 0x4a, 0x0b, 0x41, 0x13, 0x25, 0x1b, 0xee, 0x22,
  0x93, 0x2a, 0x0d, 0x32, 0x55, 0x39, 0x64, 0x40, 0x32, 0x47, 0xb8, 0x4d,
  0xf0, 0x53, 0xd3, 0x59, 0x5d, 0x5f, 0x86, 0x64, 0x4a, 0x69, 0xa4, 0x6d,
  0x90, 0x71, 0x0a, 0x75, 0x0e, 0x78, 0x99, 0x7a, 0xaa, 0x7c, 0x3c, 0x7e,
  0x50, 0x7f, 0xe3, 0x7f, 0xf7, 0x7f, 0x89, 0x7f, 0x9b, 0x7e, 0x2e, 0x7d,
  0x42, 0x7b, 0xdb, 0x78, 0xfb, 0x75, 0xa3, 0x72, 0xd9, 0x6e, 0x9e, 0x6a,
  0xf9, 0x65, 0xed, 0x60, 0x80, 0x5b, 0xb6, 0x55, 0x97, 0x4f, 0x27, 0x49,
  0x6e, 0x42, 0x72, 0x3b, 0x3a, 0x34, 0xcd, 0x2c, 0x34, 0x25, 0x75, 0x1d,
  0x98, 0x15, 0xa6, 0x0d, 0xa6, 0x05, 0xa2, 0xfd, 0x9e, 0xf5, 0xa6, 0xed,
  0xbf, 0xe5, 0xf3, 0xdd, 0x4a, 0xd6, 0xca, 0xce, 0x7c, 0xc7, 0x66, 0xc0,
  0x91, 0xb9, 0x02, 0xb3, 0xc1, 0xac, 0xd4, 0xa6, 0x40, 0xa1, 0x0b, 0x9c,
  0x3b, 0x97, 0xd5, 0x92, 0xdc, 0x8e, 0x55, 0x8b, 0x44, 0x88, 0xaa, 0x85,
  0x8c, 0x83, 0xeb, 0x81, 0xc9, 0x80, 0x27, 0x80, 0x05, 0x80, 0x64, 0x80,
  0x44, 0x81, 0xa3, 0x82, 0x7f, 0x84, 0xd9, 0x86, 0xac, 0x89, 0xf6, 0x8c,
  0xb3, 0x90, 0xe1, 0x94, 0x7b, 0x99, 0x7b, 0x9e, 0xde, 0xa3, 0x9d, 0xa9,
  0xb3, 0xaf, 0x1a, 0xb6, 0xcb, 0xbc, 0xc0, 0xc3, 0xf2, 0xca, 0x58, 0xd2,
  0xed, 0xd9, 0xa8, 0xe1, 0x82, 0xe9, 0x72, 0xf1, 0x71, 0xf9, 0x75, 0x01,
  0x79, 0x09, 0x73, 0x11, 0x5c, 0x19, 0x2b, 0x21, 0xd9, 0x28, 0x5e, 0x30,
  0xb3, 0x37, 0xcf, 0x3e, 0xac, 0x45, 0x43, 0x4c, 0x8d, 0x52, 0x84, 0x58,
  0x23, 0x5e, 0x62, 0x63, 0x3e, 0x68, 0xb1, 0x6c, 0xb6, 0x70, 0x4a, 0x74,
  0x69, 0x77, 0x10, 0x7a, 0x3c, 0x7c, 0xec, 0x7d, 0x1c, 0x7f, 0xcd, 0x7f,
  0xfd, 0x7f, 0xad, 0x7f, 0xdc, 0x7e, 0x8c, 0x7d, 0xbd, 0x7b, 0x72, 0x79,
  0xad, 0x76, 0x70, 0x73, 0xbf, 0x6f, 0x9e, 0x6b, 0x11, 0x67, 0x1b, 0x62,
  0xc4, 0x5c, 0x0f, 0x57, 0x02, 0x51, 0xa4, 0x4a, 0xfb, 0x43, 0x0d, 0x3d,
  0xe3, 0x35, 0x81, 0x2e, 0xf2, 0x26, 0x3a, 0x1f, 0x64, 0x17, 0x76, 0x0f,
  0x78, 0x07, 0x74, 0xff, 0x70, 0xf7, 0x74, 0xef, 0x89, 0xe7, 0xb6, 0xdf,
  0x04, 0xd8, 0x7a, 0xd0, 0x20, 0xc9, 0xfd, 0xc1, 0x18, 0xbb, 0x79, 0xb4,
  0x26, 0xae, 0x25, 0xa8, 0x7c, 0xa2, 0x32, 0x9d, 0x4a, 0x98, 0xcb, 0x93,
  0xb9, 0x8f, 0x18, 0x8c, 0xec, 0x88, 0x37, 0x86, 0xfd, 0x83, 0x3f, 0x82,
  0x00, 0x81, 0x40, 0x80, 0x02, 0x80, 0x43, 0x80, 0x06, 0x81, 0x48, 0x82,
  0x08, 0x84, 0x45, 0x86, 0xfd, 0x88, 0x2c, 0x8c, 0xd0, 0x8f, 0xe4, 0x93,
  0x66, 0x98, 0x4f, 0x9d, 0x9c, 0xa2, 0x47, 0xa8, 0x4a, 0xae, 0x9f, 0xb4,
  0x40, 0xbb, 0x26, 0xc2, 0x4a, 0xc9, 0xa5, 0xd0, 0x30, 0xd8, 0xe3, 0xdf,
  0xb7, 0xe7, 0xa2, 0xef, 0x9f, 0xf7, 0xa3, 0xff, 0xa7, 0x07, 0xa4, 0x0f,
  0x92, 0x17, 0x68, 0x1f, 0x1e, 0x27, 0xad, 0x2e, 0x0d, 0x36, 0x36, 0x3d,
  0x22, 0x44, 0xca, 0x4a, 0x26, 0x51, 0x31, 0x57, 0xe4, 0x5c, 0x39, 0x62,
  0x2c, 0x67, 0xb7, 0x6b, 0xd6, 0x6f, 0x84, 0x73, 0xbe, 0x76, 0x81, 0x79,
  0xc9, 0x7b, 0x95, 0x7d, 0xe2, 0x7e, 0xb0, 0x7f, 0xfe, 0x7f, 0xcb, 0x7f,
  0x17, 0x7f, 0xe3, 0x7d, 0x31, 0x7c, 0x02, 0x7a, 0x58, 0x77, 0x37, 0x74,
  0xa0, 0x70, 0x98, 0x6c, 0x23, 0x68, 0x45, 0x63, 0x03, 0x5e, 0x63, 0x58,
  0x69, 0x52, 0x1d, 0x4c, 0x85, 0x45, 0xa6, 0x3e, 0x89, 0x37, 0x33, 0x30,
  0xad, 0x28, 0xfe, 0x20, 0x2e, 0x19, 0x45, 0x11, 0x4a, 0x09, 0x46, 0x01,
  0x42, 0xf9, 0x43, 0xf1, 0x54, 0xe9, 0x7b, 0xe1, 0xc1, 0xd9, 0x2d, 0xd2,
  0xc7, 0xca, 0x97, 0xc3, 0xa4, 0xbc, 0xf4, 0xb5, 0x8f, 0xaf, 0x7b, 0xa9,
  0xbd, 0xa3, 0x5d, 0x9e, 0x5f, 0x99, 0xc8, 0x94, 0x9c, 0x90, 0xe1, 0x8c,
  0x9a, 0x89, 0xca, 0x86, 0x73, 0x84, 0x99, 0x82, 0x3d, 0x81, 0x61, 0x80,
  0x05, 0x80, 0x29, 0x80, 0xce, 0x80, 0xf3, 0x81, 0x97, 0x83, 0xb8, 0x85,
  0x54, 0x88, 0x68, 0x8b, 0xf2, 0x8e, 0xed, 0x92, 0x56, 0x97, 0x29, 0x9c,
  0x5f, 0xa1, 0xf5, 0xa6, 0xe4, 0xac, 0x27, 0xb3, 0xb8, 0xb9, 0x8f, 0xc0,
  0xa5, 0xc7, 0xf5, 0xce, 0x76, 0xd6, 0x20, 0xde, 0xed, 0xe5, 0xd4, 0xed,
  0xcd, 0xf5, 0xd0, 0xfd, 0xd5, 0x05, 0xd5, 0x0d, 0xc6, 0x15, 0xa2, 0x1d,
  0x60, 0x25, 0xf9, 0x2c, 0x64, 0x34, 0x9b, 0x3b, 0x96, 0x42, 0x4d, 0x49,
  0xbb, 0x4f, 0xd9, 0x55, 0xa0, 0x5b, 0x0c, 0x61, 0x15, 0x66, 0xb8, 0x6a,
  0xf0, 0x6e, 0xb8, 0x72, 0x0d, 0x76, 0xeb, 0x78, 0x4f, 0x7b, 0x37, 0x7d,
  0xa2, 0x7e, 0x8d, 0x7f, 0xf8, 0x7f, 0xe2, 0x7f, 0x4b, 0x7f, 0x34, 0x7e,
  0x9f, 0x7c, 0x8c, 0x7a, 0xfe, 0x77, 0xf7, 0x74, 0x7b, 0x71, 0x8c, 0x6d,
  0x2f, 0x69, 0x69, 0x64, 0x3d, 0x5f, 0xb2, 0x59, 0xcd, 0x53, 0x93, 0x4d,
  0x0b, 0x47, 0x3c, 0x40, 0x2c, 0x39, 0xe2, 0x31, 0x67, 0x2a, 0xc1, 0x22,
  0xf7, 0x1a, 0x13, 0x13, 0x1c, 0x0b, 0x19, 0x03, 0x14, 0xfb, 0x14, 0xf3,
  0x20, 0xeb, 0x41, 0xe3, 0x7f, 0xdb, 0xe2, 0xd3, 0x71, 0xcc, 0x34, 0xc5,
  0x32, 0xbe, 0x73, 0xb7, 0xfc, 0xb0, 0xd5, 0xaa, 0x03, 0xa5, 0x8d, 0x9f,
  0x78, 0x9a, 0xc9, 0x95, 0x85, 0x91, 0xb0, 0x8d, 0x4e, 0x8a, 0x63, 0x87,
  0xf0, 0x84, 0xfa, 0x82, 0x81, 0x81, 0x88, 0x80, 0x0e, 0x80, 0x15, 0x80,
  0x9d, 0x80, 0xa6, 0x81, 0x2d, 0x83, 0x31, 0x85, 0xb2, 0x87, 0xab, 0x8a,
  0x1a, 0x8e, 0xfc, 0x91, 0x4c, 0x96, 0x07, 0x9b, 0x27, 0xa0, 0xa8, 0xa5,
  0x84, 0xab, 0xb4, 0xb1, 0x33, 0xb8, 0xfb, 0xbe, 0x04, 0xc6, 0x47, 0xcd,
  0xbd, 0xd4, 0x5f, 0xdc, 0x25, 0xe4, 0x06, 0xec, 0xfc, 0xf3, 0xfe, 0xfb,
  0x02, 0x04, 0x04, 0x0c, 0xfa, 0x13, 0xdb, 0x1b, 0xa1, 0x23, 0x43, 0x2b,
  0xb9, 0x32, 0xfc, 0x39, 0x05, 0x41, 0xcd, 0x47, 0x4c, 0x4e, 0x7c, 0x54,
  0x58, 0x5a, 0xd9, 0x5f, 0xf9, 0x64, 0xb4, 0x69, 0x04, 0x6e, 0xe6, 0x71,
  0x55, 0x75, 0x4e, 0x78, 0xcf, 0x7a, 0xd3, 0x7c, 0x5a, 0x7e, 0x63, 0x7f,
  0xeb, 0x7f, 0xf2, 0x7f, 0x78, 0x7f, 0x7f, 0x7e, 0x06, 0x7d, 0x10, 0x7b,
  0x9d, 0x78, 0xb2, 0x75, 0x50, 0x72, 0x7b, 0x6e, 0x37, 0x6a, 0x88, 0x65,
  0x73, 0x60, 0xfd, 0x5a, 0x2b, 0x55, 0x04, 0x4f, 0x8d, 0x48, 0xce, 0x41,
  0xcc, 0x3a, 0x8f, 0x33, 0x1e, 0x2c, 0x81, 0x24, 0xbf, 0x1c, 0xe0, 0x14,
  0xec, 0x0c, 0xec, 0x04, 0xe7, 0xfc, 0xe4, 0xf4, 0xed, 0xec, 0x09, 0xe5,
  0x3f, 0xdd, 0x99, 0xd5, 0x1e, 0xce, 0xd4, 0xc6, 0xc4, 0xbf, 0xf5, 0xb8,
  0x6d, 0xb2, 0x33, 0xac, 0x4e, 0xa6, 0xc3, 0xa0, 0x97, 0x9b, 0xd1, 0x96,
  0x74, 0x92, 0x85, 0x8e, 0x09, 0x8b, 0x02, 0x88, 0x74, 0x85, 0x61, 0x83,
  0xcc, 0x81, 0xb5, 0x80, 0x1e, 0x80, 0x08, 0x80, 0x73, 0x80, 0x5e, 0x81,
  0xc9, 0x82, 0xb1, 0x84, 0x15, 0x87, 0xf3, 0x89, 0x48, 0x8d, 0x10, 0x91,
  0x48, 0x95, 0xeb, 0x99, 0xf4, 0x9e, 0x60, 0xa4, 0x27, 0xaa, 0x45, 0xb0,
  0xb3, 0xb6, 0x6a, 0xbd, 0x65, 0xc4, 0x9c, 0xcb, 0x07, 0xd3, 0xa0, 0xda,
  0x5e, 0xe2, 0x3a, 0xea, 0x2b, 0xf2, 0x2b, 0xfa, 0x30, 0x02, 0x33, 0x0a,
  0x2c, 0x12, 0x13, 0x1a, 0xe0, 0x21, 0x8a, 0x29, 0x0b, 0x31, 0x5b, 0x38,
  0x71, 0x3f, 0x48, 0x46, 0xd9, 0x4c, 0x1c, 0x53, 0x0b, 0x59, 0xa1, 0x5e,
  0xd7, 0x63, 0xaa, 0x68, 0x13, 0x6d, 0x0e, 0x71, 0x98, 0x74, 0xac, 0x77,
  0x48, 0x7a, 0x69, 0x7c, 0x0d, 0x7e, 0x32, 0x7f, 0xd7, 0x7f, 0xfb, 0x7f,
  0x9f, 0x7f, 0xc3, 0x7e, 0x67, 0x7d, 0x8d, 0x7b, 0x36, 0x79, 0x66, 0x76,
  0x1f, 0x73, 0x64, 0x6f, 0x38, 0x6b, 0xa1, 0x66, 0xa3, 0x61, 0x43, 0x5c,
  0x85, 0x56, 0x71, 0x50, 0x0c, 0x4a, 0x5c, 0x43, 0x69, 0x3c, 0x39, 0x35,
  0xd3, 0x2d, 0x3f, 0x26, 0x85, 0x1e, 0xac, 0x16, 0xbd, 0x0e, 0xbe, 0x06,
  0xba, 0xfe, 0xb6, 0xf6, 0xbb, 0xee, 0xd2, 0xe6, 0x02, 0xdf, 0x53, 0xd7,
  0xcd, 0xcf, 0x77, 0xc8, 0x5a, 0xc1, 0x7b, 0xba, 0xe3, 0xb3, 0x97, 0xad,
  0x9d, 0xa7, 0xfd, 0xa1, 0xbb, 0x9c, 0xdd, 0x97, 0x68, 0x93, 0x60, 0x8f,
  0xc9, 0x8b, 0xa8, 0x88, 0xfe, 0x85, 0xcf, 0x83, 0x1d, 0x82, 0xe9, 0x80,
  0x35, 0x80, 0x02, 0x80, 0x50, 0x80, 0x1e, 0x81, 0x6b, 0x82, 0x37, 0x84,
  0x7f, 0x86, 0x42, 0x89, 0x7c, 0x8c, 0x2a, 0x90, 0x49, 0x94, 0xd4, 0x98,
  0xc7, 0x9d, 0x1c, 0xa3, 0xcf, 0xa8, 0xda, 0xae, 0x36, 0xb5, 0xde, 0xbb,
  0xca, 0xc2, 0xf3, 0xc9, 0x53, 0xd1, 0xe2, 0xd8, 0x98, 0xe0, 0x6e, 0xe8,
  0x5c, 0xf0, 0x59, 0xf8, 0x5d, 0x00, 0x61, 0x08, 0x5e, 0x10, 0x49, 0x18,
  0x1d, 0x20, 0xd0, 0x27, 0x5b, 0x2f, 0xb6, 0x36, 0xda, 0x3d, 0xc0, 0x44,
  0x61, 0x4b, 0xb6, 0x51, 0xb9, 0x57, 0x64, 0x5d, 0xb1, 0x62, 0x9a, 0x67,
  0x1c, 0x6c, 0x30, 0x70, 0xd4, 0x73, 0x03, 0x77, 0xbb, 0x79, 0xf8, 0x7b,
  0xb8, 0x7d, 0xfa, 0x7e, 0xbd, 0x7f, 0xfe, 0x7f, 0xc0, 0x7f, 0x00, 0x7f,
  0xc1, 0x7d, 0x03, 0x7c, 0xc9, 0x79, 0x14, 0x77, 0xe8, 0x73, 0x47, 0x70,
  0x35, 0x6c, 0xb6, 0x67, 0xce, 0x62, 0x84, 0x5d, 0xdb, 0x57, 0xda, 0x51,
  0x87, 0x4b, 0xe8, 0x44, 0x03, 0x3e, 0xe0, 0x36, 0x86, 0x2f, 0xfc, 0x27,
  0x4a, 0x20, 0x77, 0x18, 0x8c, 0x10, 0x90, 0x08, 0x8c, 0x00, 0x88, 0xf8,
  0x8a, 0xf0, 0x9c, 0xe8, 0xc6, 0xe0, 0x0e, 0xd9, 0x7f, 0xd1, 0x1d, 0xca,
  0xf3, 0xc2, 0x05, 0xbc, 0x5c, 0xb5, 0xfe, 0xae, 0xf1, 0xa8, 0x3c, 0xa3,
  0xe5, 0x9d, 0xef, 0x98, 0x62, 0x94, 0x41, 0x90, 0x90, 0x8c, 0x53, 0x89,
  0x8e, 0x86, 0x43, 0x84, 0x74, 0x82, 0x24, 0x81, 0x53, 0x80, 0x03, 0x80,
  0x33, 0x80, 0xe4, 0x80, 0x14, 0x82, 0xc4, 0x83, 0xf0, 0x85, 0x97, 0x88,
  0xb6, 0x8b, 0x4a, 0x8f, 0x4f, 0x93, 0xc2, 0x97, 0x9e, 0x9c, 0xdd, 0xa1,
  0x7c, 0xa7, 0x73, 0xad, 0xbd, 0xb3, 0x54, 0xba, 0x31, 0xc1, 0x4d, 0xc8,
  0xa2, 0xcf, 0x27, 0xd7, 0xd5, 0xde, 0xa4, 0xe6, 0x8d, 0xee, 0x87, 0xf6,
  0x8b, 0xfe, 0x8f, 0x06, 0x8e, 0x0e, 0x7e, 0x16, 0x58, 0x1e, 0x13, 0x26,
  0xa8, 0x2d, 0x0e, 0x35, 0x40, 0x3c, 0x35, 0x43, 0xe6, 0x49, 0x4d, 0x50,
  0x63, 0x56, 0x22, 0x5c, 0x85, 0x61, 0x85, 0x66, 0x1f, 0x6b, 0x4d, 0x6f,
  0x0a, 0x73, 0x54, 0x76, 0x27, 0x79, 0x81, 0x7b, 0x5d, 0x7d, 0xbc, 0x7e,
  0x9c, 0x7f, 0xfb, 0x7f, 0xd9, 0x7f, 0x37, 0x7f, 0x15, 0x7e, 0x74, 0x7c,
  0x56, 0x7a, 0xbc, 0x77, 0xab, 0x74, 0x24, 0x71, 0x2b, 0x6d, 0xc5, 0x68,
  0xf5, 0x63, 0xc0, 0x5e, 0x2c, 0x59, 0x3f, 0x53, 0xfe, 0x4c, 0x6f, 0x46,
  0x9a, 0x3f, 0x84, 0x38, 0x36, 0x31, 0xb6, 0x29, 0x0d, 0x22, 0x41, 0x1a,
  0x5a, 0x12, 0x62, 0x0a, 0x5e, 0x02, 0x5a, 0xfa, 0x5a, 0xf2, 0x68, 0xea,
  0x8b, 0xe2, 0xcc, 0xda, 0x33, 0xd3, 0xc6, 0xcb, 0x8e, 0xc4, 0x92, 0xbd,
  0xd9, 0xb6, 0x69, 0xb0, 0x4a, 0xaa, 0x80, 0xa4, 0x13, 0x9f, 0x07, 0x9a,
  0x62, 0x95, 0x27, 0x91, 0x5d, 0x8d, 0x05, 0x8a, 0x25, 0x87, 0xbe, 0x84,
  0xd2, 0x82, 0x65, 0x81, 0x77, 0x80, 0x09, 0x80, 0x1d, 0x80, 0xb0, 0x80,
  0xc4, 0x81, 0x56, 0x83, 0x67, 0x85, 0xf2, 0x87, 0xf6, 0x8a, 0x70, 0x8e,
  0x5c, 0x92, 0xb6, 0x96, 0x7a, 0x9b, 0xa3, 0xa0, 0x2d, 0xa6, 0x10, 0xac,
  0x48, 0xb2, 0xce, 0xb8, 0x9c, 0xbf, 0xab, 0xc6, 0xf3, 0xcd, 0x6d, 0xd5,
  0x12, 0xdd, 0xdb, 0xe4, 0xbf, 0xec, 0xb6, 0xf4, 0xb8, 0xfc, 0xbd, 0x04,
  0xbe, 0x0c, 0xb2, 0x14, 0x92, 0x1c, 0x54, 0x24, 0xf2, 0x2b, 0x64, 0x33,
  0xa2, 0x3a, 0xa6, 0x41, 0x67, 0x48, 0xdf, 0x4e, 0x08, 0x55, 0xdc, 0x5a,
  0x54, 0x60, 0x6b, 0x65, 0x1d, 0x6a, 0x63, 0x6e, 0x3b, 0x72, 0x9f, 0x75,
  0x8e, 0x78, 0x03, 0x7b, 0xfc, 0x7c, 0x78, 0x7e, 0x74, 0x7f, 0xf1, 0x7f,
  0xec, 0x7f, 0x67, 0x7f, 0x62, 0x7e, 0xde, 0x7c, 0xdc, 0x7a, 0x5e, 0x78,
  0x68, 0x75, 0xfb, 0x71, 0x1c, 0x6e, 0xce, 0x69, 0x16, 0x65, 0xf8, 0x5f,
  0x79, 0x5a, 0x9f, 0x54, 0x71, 0x4e, 0xf3, 0x47, 0x2d, 0x41, 0x26, 0x3a,
  0xe4, 0x32, 0x6f, 0x2b, 0xce, 0x23, 0x09, 0x1c, 0x28, 0x14, 0x33, 0x0c,
  0x31, 0x04, 0x2c, 0xfc, 0x2a, 0xf4, 0x34, 0xec, 0x52, 0xe4, 0x8c, 0xdc,
  0xe9, 0xd4, 0x72, 0xcd, 0x2d, 0xc6, 0x23, 0xbf, 0x5a, 0xb8, 0xd9, 0xb1,
  0xa7, 0xab, 0xc9, 0xa5, 0x46, 0xa0, 0x24, 0x9b, 0x67, 0x96, 0x14, 0x92,
  0x2f, 0x8e, 0xbe, 0x8a, 0xc2, 0x87, 0x3f, 0x85, 0x37, 0x83, 0xad, 0x81,
  0xa2, 0x80, 0x17, 0x80, 0x0d, 0x80, 0x83, 0x80, 0x7a, 0x81, 0xf0, 0x82,
  0xe4, 0x84, 0x53, 0x87, 0x3c, 0x8a, 0x9b, 0x8d, 0x6e, 0x91, 0xaf, 0x95,
  0x5c, 0x9a, 0x6f, 0x9f, 0xe2, 0xa4, 0xb2, 0xaa, 0xd7, 0xb0, 0x4c, 0xb7,
  0x0a, 0xbe, 0x0b, 0xc5, 0x46, 0xcc, 0xb6, 0xd3, 0x52, 0xdb, 0x13, 0xe3,
  0xf2, 0xea, 0xe5, 0xf2, 0xe6, 0xfa, 0xea, 0x02, 0xed, 0x0a, 0xe5, 0x12,
  0xca, 0x1a, 0x94, 0x22, 0x3b, 0x2a, 0xb7, 0x31, 0x02, 0x39, 0x13, 0x40,
  0xe4, 0x46, 0x6e, 0x4d, 0xa9, 0x53, 0x91, 0x59, 0x1e, 0x5f, 0x4c, 0x64,
  0x15, 0x69, 0x74, 0x6d, 0x65, 0x71, 0xe4, 0x74, 0xee, 0x77, 0x7f, 0x7a,
  0x94, 0x7c, 0x2d, 0x7e, 0x46, 0x7f, 0xe0, 0x7f, 0xf8, 0x7f, 0x91, 0x7f,
  0xa8, 0x7e, 0x41, 0x7d, 0x5b, 0x7b, 0xfa, 0x78, 0x1f, 0x76, 0xcd, 0x72,
  0x07, 0x6f, 0xd2, 0x6a, 0x31, 0x66, 0x2a, 0x61, 0xc1, 0x5b, 0xfb, 0x55,
  0xe0, 0x4f, 0x73, 0x49, 0xbd, 0x42, 0xc4, 0x3b, 0x8f, 0x34, 0x25, 0x2d,
  0x8d, 0x25, 0xd0, 0x1d, 0xf4, 0x15, 0x03, 0x0e, 0x04, 0x06, 0xff, 0xfd,
  0xfb, 0xf5, 0x02, 0xee, 0x1b, 0xe6, 0x4d, 0xde, 0xa2, 0xd6, 0x20, 0xcf,
  0xcf, 0xc7, 0xb7, 0xc0, 0xdf, 0xb9, 0x4d, 0xb3, 0x08, 0xad, 0x17, 0xa7,
  0x7f, 0xa1, 0x46, 0x9c, 0x71, 0x97, 0x06, 0x93, 0x08, 0x8f, 0x7c, 0x8b,
  0x65, 0x88, 0xc6, 0x85, 0xa2, 0x83, 0xfb, 0x81, 0xd3, 0x80, 0x2b, 0x80,
  0x04, 0x80, 0x5d, 0x80, 0x37, 0x81, 0x90, 0x82, 0x67, 0x84, 0xbb, 0x86,
  0x88, 0x89, 0xcd, 0x8c, 0x85, 0x90, 0xae, 0x94, 0x43, 0x99, 0x3f, 0x9e,
  0x9d, 0xa3, 0x58, 0xa9, 0x6a, 0xaf, 0xce, 0xb5, 0x7c, 0xbc, 0x6e, 0xc3,
  0x9d, 0xca, 0x01, 0xd2, 0x94, 0xd9, 0x4d, 0xe1, 0x26, 0xe9, 0x15, 0xf1,
  0x13, 0xf9, 0x18, 0x01, 0x1c, 0x09, 0x17, 0x11, 0x01, 0x19, 0xd1, 0x20,
  0x81, 0x28, 0x08, 0x30, 0x5e, 0x37, 0x7d, 0x3e, 0x5e, 0x45, 0xf8, 0x4b,
  0x46, 0x52, 0x41, 0x58, 0xe3, 0x5d, 0x27, 0x63, 0x07, 0x68, 0x7f, 0x6c,
  0x8a, 0x70, 0x23, 0x74, 0x47, 0x77, 0xf4, 0x79, 0x26, 0x7c, 0xdb, 0x7d,
  0x11, 0x7f, 0xc8, 0x7f, 0xfe, 0x7f, 0xb3, 0x7f, 0xe8, 0x7e, 0x9e, 0x7d,
  0xd5, 0x7b, 0x8f, 0x79, 0xcf, 0x76, 0x98, 0x73, 0xed, 0x6f, 0xd0, 0x6b,
  0x48, 0x67, 0x57, 0x62, 0x04, 0x5d, 0x53, 0x57, 0x4a, 0x51, 0xf0, 0x4a,
  0x4a, 0x44, 0x5f, 0x3d, 0x37, 0x36, 0xd8, 0x2e, 0x4a, 0x27, 0x95, 0x1f,
  0xc0, 0x17, 0xd3, 0x0f, 0xd6, 0x07, 0xd2, 0xff, 0xcd, 0xf7, 0xd1, 0xef,
  0xe4, 0xe7, 0x11, 0xe0, 0x5d, 0xd8, 0xd1, 0xd0, 0x74, 0xc9, 0x4f, 0xc2,
  0x67, 0xbb, 0xc5, 0xb4, 0x6e, 0xae, 0x69, 0xa8, 0xbc, 0xa2, 0x6d, 0x9d,
  0x81, 0x98, 0xfd, 0x93, 0xe6, 0x8f, 0x40, 0x8c, 0x0e, 0x89, 0x54, 0x86,
  0x14, 0x84, 0x50, 0x82, 0x0c, 0x81, 0x46, 0x80, 0x02, 0x80, 0x3e, 0x80,
  0xfa, 0x80, 0x36, 0x82, 0xf1, 0x83, 0x29, 0x86, 0xdb, 0x88, 0x04, 0x8c,
  0xa3, 0x8f, 0xb3, 0x93, 0x2f, 0x98, 0x14, 0x9d, 0x5c, 0xa2, 0x03, 0xa8,
  0x02, 0xae, 0x53, 0xb4, 0xf1, 0xba, 0xd4, 0xc1, 0xf6, 0xc8, 0x4f, 0xd0,
  0xd8, 0xd7, 0x89, 0xdf, 0x5b, 0xe7, 0x46, 0xef, 0x41, 0xf7, 0x46, 0xff,
  0x4a, 0x07, 0x48, 0x0f, 0x36, 0x17, 0x0d, 0x1f, 0xc5, 0x26, 0x56, 0x2e,
  0xb8, 0x35, 0xe4, 0x3c, 0xd3, 0x43, 0x7e, 0x4a, 0xde, 0x50, 0xec, 0x56,
  0xa4, 0x5c, 0xfd, 0x61, 0xf5, 0x66, 0x85, 0x6b, 0xa8, 0x6f, 0x5c, 0x73,
  0x9b, 0x76, 0x63, 0x79, 0xb1, 0x7b, 0x83, 0x7d, 0xd6, 0x7e, 0xaa, 0x7f,
  0xfd, 0x7f, 0xd0, 0x7f, 0x22, 0x7f, 0xf4, 0x7d, 0x48, 0x7c, 0x1e, 0x7a,
  0x7a, 0x77, 0x5e, 0x74, 0xcc, 0x70, 0xc9, 0x6c, 0x59, 0x68, 0x80, 0x63,
  0x42, 0x5e, 0xa6, 0x58, 0xb1, 0x52, 0x68, 0x4c, 0xd3, 0x45, 0xf8, 0x3e,
  0xdd, 0x37, 0x8a, 0x30, 0x06, 0x29, 0x59, 0x21, 0x8a, 0x19, 0xa2, 0x11,
  0xa7, 0x09, 0xa4, 0x01, 0x9f, 0xf9, 0xa0, 0xf1, 0xb0, 0xe9, 0xd5, 0xe1,
  0x1a, 0xda, 0x84, 0xd2, 0x1c, 0xcb, 0xe9, 0xc3, 0xf3, 0xbc, 0x40, 0xb6,
  0xd7, 0xaf, 0xbf, 0xa9, 0xfe, 0xa3, 0x99, 0x9e, 0x97, 0x99, 0xfb, 0x94,
  0xcb, 0x90, 0x0a, 0x8d, 0xbe, 0x89, 0xe8, 0x86, 0x8c, 0x84, 0xac, 0x82,
  0x4a, 0x81, 0x68, 0x80, 0x06, 0x80, 0x25, 0x80, 0xc4, 0x80, 0xe3, 0x81,
  0x81, 0x83, 0x9d, 0x85, 0x33, 0x88, 0x42, 0x8b, 0xc6, 0x8e, 0xbd, 0x92,
  0x21, 0x97, 0xee, 0x9b, 0x20, 0xa1, 0xb2, 0xa6, 0x9e, 0xac, 0xdd, 0xb2,
  0x6a, 0xb9, 0x3e, 0xc0, 0x52, 0xc7, 0x9f, 0xce, 0x1d, 0xd6, 0xc6, 0xdd,
  0x92, 0xe5, 0x77, 0xed, 0x70, 0xf5, 0x73, 0xfd, 0x78, 0x05, 0x78, 0x0d,
  0x6a, 0x15, 0x48, 0x1d, 0x07, 0x25, 0xa2, 0x2c, 0x0f, 0x34, 0x48, 0x3b,
  0x46, 0x42, 0x01, 0x49, 0x72, 0x4f, 0x94, 0x55, 0x5f, 0x5b, 0xcf, 0x60,
  0xdd, 0x65, 0x85, 0x6a, 0xc1, 0x6e, 0x8e, 0x72, 0xe8, 0x75, 0xcc, 0x78,
  0x36, 0x7b, 0x24, 0x7d, 0x94, 0x7e, 0x85, 0x7f, 0xf5, 0x7f, 0xe5, 0x7f,
  0x55, 0x7f, 0x44, 0x7e, 0xb4, 0x7c, 0xa7, 0x7a, 0x1e, 0x78, 0x1d, 0x75,
  0xa6, 0x71, 0xbc, 0x6d, 0x64, 0x69, 0xa3, 0x64, 0x7c, 0x5f, 0xf5, 0x59,
  0x13, 0x54, 0xdd, 0x4d, 0x58, 0x47, 0x8c, 0x40, 0x7f, 0x39, 0x38, 0x32,
  0xbf, 0x2a, 0x1a, 0x23, 0x53, 0x1b, 0x6f, 0x13, 0x79, 0x0b, 0x76, 0x03,
  0x72, 0xfb, 0x70, 0xf3, 0x7c, 0xeb, 0x9c, 0xe3, 0xd9, 0xdb, 0x3a, 0xd4,
  0xc7, 0xcc, 0x87, 0xc5, 0x82, 0xbe, 0xc0, 0xb7, 0x46, 0xb1, 0x1b, 0xab,
  0x45, 0xa5, 0xcb, 0x9f, 0xb1, 0x9a, 0xfe, 0x95, 0xb5, 0x91, 0xda, 0x8d,
  0x73, 0x8a, 0x82, 0x87, 0x0a, 0x85, 0x0e, 0x83, 0x8f, 0x81, 0x90, 0x80,
  0x11, 0x80, 0x12, 0x80, 0x94, 0x80, 0x97, 0x81, 0x18, 0x83, 0x17, 0x85,
  0x92, 0x87, 0x86, 0x8a, 0xf0, 0x8d, 0xcc, 0x91, 0x18, 0x96, 0xce, 0x9a,
  0xea, 0x9f, 0x66, 0xa5, 0x3e, 0xab, 0x6a, 0xb1, 0xe6, 0xb7, 0xab, 0xbe,
  0xb1, 0xc5, 0xf1, 0xcc, 0x65, 0xd4, 0x05, 0xdc, 0xc9, 0xe3, 0xaa, 0xeb,
  0x9f, 0xf3, 0xa0, 0xfb, 0xa5, 0x03, 0xa7, 0x0b, 0x9e, 0x13, 0x80, 0x1b,
  0x47, 0x23, 0xeb, 0x2a, 0x63, 0x32, 0xa9, 0x39, 0xb5, 0x40, 0x7f, 0x47,
  0x02, 0x4e, 0x36, 0x54, 0x16, 0x5a, 0x9b, 0x5f, 0xbf, 0x64, 0x7f, 0x69,
  0xd4, 0x6d, 0xbb, 0x71, 0x30, 0x75, 0x2e, 0x78, 0xb4, 0x7a, 0xbf, 0x7c,
  0x4b, 0x7e, 0x59, 0x7f, 0xe7, 0x7f, 0xf4, 0x7f, 0x81, 0x7f, 0x8d, 0x7e,
  0x1a, 0x7d, 0x29, 0x7b, 0xbc, 0x78, 0xd6, 0x75, 0x7a, 0x72, 0xaa, 0x6e,
  0x6b, 0x6a, 0xc1, 0x65, 0xb0, 0x60, 0x3e, 0x5b, 0x71, 0x55, 0x4d, 0x4f,
  0xda, 0x48, 0x1e, 0x42, 0x1f, 0x3b, 0xe4, 0x33, 0x76, 0x2c, 0xda, 0x24,
  0x1a, 0x1d, 0x3c, 0x15, 0x49, 0x0d, 0x49, 0x05, 0x44, 0xfd, 0x41, 0xf5,
  0x49, 0xed, 0x64, 0xe5, 0x99, 0xdd, 0xf1, 0xd5, 0x74, 0xce, 0x28, 0xc7,
  0x15, 0xc0, 0x43, 0xb9, 0xb8, 0xb2, 0x7a, 0xac, 0x91, 0xa6, 0x01, 0xa1,
  0xd1, 0x9b, 0x06, 0x97, 0xa4, 0x92, 0xb1, 0x8e, 0x2f, 0x8b, 0x23, 0x88,
  0x8f, 0x85, 0x77, 0x83, 0xdb, 0x81, 0xbf, 0x80, 0x22, 0x80, 0x07, 0x80,
  0x6c, 0x80, 0x51, 0x81, 0xb5, 0x82, 0x98, 0x84, 0xf7, 0x86, 0xcf, 0x89,
  0x1f, 0x8d, 0xe2, 0x90, 0x14, 0x95, 0xb3, 0x99, 0xb8, 0x9e, 0x1f, 0xa4,
  0xe2, 0xa9, 0xfc, 0xaf, 0x66, 0xb6, 0x1b, 0xbd, 0x13, 0xc4, 0x47, 0xcb,
  0xb0, 0xd2, 0x46, 0xda, 0x03, 0xe2, 0xde, 0xe9, 0xcf, 0xf1, 0xce, 0xf9,
  0xd2, 0x01, 0xd6, 0x09, 0xd0, 0x11, 0xb8, 0x19, 0x86, 0x21, 0x32, 0x29,
  0xb5, 0x30, 0x07, 0x38, 0x20, 0x3f, 0xfa, 0x45, 0x8e, 0x4c, 0xd4, 0x52,
  0xc8, 0x58, 0x62, 0x5e, 0x9d, 0x63, 0x74, 0x68, 0xe2, 0x6c, 0xe2, 0x70,
  0x71, 0x74, 0x8b, 0x77, 0x2c, 0x7a, 0x53, 0x7c, 0xfc, 0x7d, 0x27, 0x7f,
  0xd2, 0x7f, 0xfd, 0x7f, 0xa6, 0x7f, 0xd0, 0x7e, 0x79, 0x7d, 0xa5, 0x7b,
  0x54, 0x79, 0x89, 0x76, 0x47, 0x73, 0x91, 0x6f, 0x6b, 0x6b, 0xd9, 0x66,
  0xdf, 0x61, 0x83, 0x5c, 0xca, 0x56, 0xba, 0x50, 0x58, 0x4a, 0xac, 0x43,
  0xbb, 0x3c, 0x8e, 0x35, 0x2a, 0x2e, 0x99, 0x26, 0xe0, 0x1e, 0x08, 0x17,
  0x19, 0x0f, 0x1b, 0x07, 0x17, 0xff, 0x13, 0xf7, 0x17, 0xef, 0x2d, 0xe7,
  0x5c, 0xdf, 0xab, 0xd7, 0x23, 0xd0, 0xcc, 0xc8, 0xab, 0xc1, 0xca, 0xba,
  0x2e, 0xb4, 0xde, 0xad, 0xe1, 0xa7, 0x3c, 0xa2, 0xf6, 0x9c, 0x14, 0x98,
  0x9a, 0x93, 0x8d, 0x8f, 0xf1, 0x8b, 0xca, 0x88, 0x1a, 0x86, 0xe6, 0x83,
  0x2e, 0x82, 0xf4, 0x80, 0x3b, 0x80, 0x02, 0x80, 0x49, 0x80, 0x12, 0x81,
  0x59, 0x82, 0x1f, 0x84, 0x62, 0x86, 0x1f, 0x89, 0x54, 0x8c, 0xfd, 0x8f,
  0x17, 0x94, 0x9d, 0x98, 0x8b, 0x9d, 0xdc, 0xa2, 0x8b, 0xa8, 0x92, 0xae,
  0xea, 0xb4, 0x8f, 0xbb, 0x78, 0xc2, 0x9f, 0xc9, 0xfc, 0xd0, 0x89, 0xd8,
  0x3e, 0xe0, 0x12, 0xe8, 0xff, 0xef, 0xfc, 0xf7, 0x00, 0x00, 0x04, 0x08,
  0x01, 0x10, 0xee, 0x17, 0xc2, 0x1f, 0x77, 0x27, 0x04, 0x2f, 0x61, 0x36,
  0x88, 0x3d, 0x71, 0x44, 0x16, 0x4b, 0x6e, 0x51, 0x75, 0x57, 0x24, 0x5d,
  0x75, 0x62, 0x63, 0x67, 0xe9, 0x6b, 0x03, 0x70, 0xac, 0x73, 0xe1, 0x76,
  0x9e, 0x79, 0xe1, 0x7b, 0xa7, 0x7d, 0xee, 0x7e, 0xb7, 0x7f, 0xfe, 0x7f,
  0xc5, 0x7f, 0x0c, 0x7f, 0xd2, 0x7d, 0x1a, 0x7c, 0xe6, 0x79, 0x36, 0x77,
  0x0f, 0x74, 0x73, 0x70, 0x66, 0x6c, 0xec, 0x67, 0x0a, 0x63, 0xc4, 0x5d,
  0x1f, 0x58, 0x22, 0x52, 0xd2, 0x4b, 0x36, 0x45, 0x55, 0x3e, 0x34, 0x37,
  0xdd, 0x2f, 0x55, 0x28, 0xa4, 0x20, 0xd3, 0x18, 0xe9, 0x10, 0xed, 0x08,
  0xe9, 0x00, 0xe5, 0xf8, 0xe7, 0xf0, 0xf8, 0xe8, 0x20, 0xe1, 0x67, 0xd9,
  0xd6, 0xd1, 0x72, 0xca, 0x45, 0xc3, 0x54, 0xbc, 0xa8, 0xb5, 0x46, 0xaf,
  0x36, 0xa9, 0x7d, 0xa3, 0x21, 0x9e, 0x27, 0x99, 0x95, 0x94, 0x6f, 0x90,
  0xb9, 0x8c, 0x77, 0x89, 0xac, 0x86, 0x5b, 0x84, 0x87, 0x82, 0x30, 0x81,
  0x5a, 0x80, 0x03, 0x80, 0x2e, 0x80, 0xd9, 0x80, 0x04, 0x82, 0xad, 0x83,
  0xd4, 0x85, 0x75, 0x88, 0x8f, 0x8b, 0x1e, 0x8f, 0x1e, 0x93, 0x8c, 0x97,
  0x63, 0x9c, 0x9e, 0xa1, 0x38, 0xa7, 0x2c, 0xad, 0x72, 0xb3, 0x06, 0xba,
  0xe0, 0xc0, 0xf9, 0xc7, 0x4b, 0xcf, 0xce, 0xd6, 0x7a, 0xde, 0x48, 0xe6,
  0x30, 0xee, 0x2a, 0xf6, 0x2e, 0xfe, 0x32, 0x06, 0x31, 0x0e, 0x22, 0x16,
  0xfd, 0x1d, 0xba, 0x25, 0x50, 0x2d, 0xb9, 0x34, 0xed, 0x3b, 0xe5, 0x42,
  0x9a, 0x49, 0x04, 0x50, 0x1e, 0x56, 0xe1, 0x5b, 0x48, 0x61, 0x4d, 0x66,
  0xec, 0x6a, 0x1e, 0x6f, 0xe1, 0x72, 0x31, 0x76, 0x09, 0x79, 0x68, 0x7b,
  0x4b, 0x7d, 0xaf, 0x7e, 0x94, 0x7f, 0xf9, 0x7f, 0xde, 0x7f, 0x41, 0x7f,
  0x25, 0x7e, 0x89, 0x7c, 0x71, 0x7a, 0xdd, 0x77, 0xd1, 0x74, 0x4f, 0x71,
  0x5c, 0x6d, 0xfa, 0x68, 0x2f, 0x64, 0xff, 0x5e, 0x6f, 0x59, 0x86, 0x53,
  0x48, 0x4d, 0xbd, 0x46, 0xeb, 0x3f, 0xd8, 0x38, 0x8c, 0x31, 0x0f, 0x2a,
  0x67, 0x22, 0x9c, 0x1a, 0xb7, 0x12, 0xbf, 0x0a, 0xbc, 0x02, 0xb7, 0xfa,
  0xb7, 0xf2, 0xc4, 0xea, 0xe6, 0xe2, 0x26, 0xdb, 0x8a, 0xd3, 0x1c, 0xcc,
  0xe1, 0xc4, 0xe2, 0xbd, 0x26, 0xb7, 0xb3, 0xb0, 0x8f, 0xaa, 0xc2, 0xa4,
  0x50, 0x9f, 0x3f, 0x9a, 0x95, 0x95, 0x56, 0x91, 0x86, 0x8d, 0x2a, 0x8a,
  0x44, 0x87, 0xd7, 0x84, 0xe6, 0x82, 0x73, 0x81, 0x7f, 0x80, 0x0c, 0x80,
  0x19, 0x80, 0xa7, 0x80, 0xb5, 0x81, 0x41, 0x83, 0x4c, 0x85, 0xd2, 0x87,
  0xd0, 0x8a, 0x45, 0x8e, 0x2c, 0x92, 0x81, 0x96, 0x41, 0x9b, 0x65, 0xa0,
  0xea, 0xa5, 0xca, 0xab, 0xfe, 0xb1, 0x81, 0xb8, 0x4b, 0xbf, 0x57, 0xc6,
  0x9d, 0xcd, 0x15, 0xd5, 0xb9, 0xdc, 0x80, 0xe4, 0x62, 0xec, 0x59, 0xf4,
  0x5b, 0xfc, 0x60, 0x04, 0x61, 0x0c, 0x56, 0x14, 0x37, 0x1c, 0xfb, 0x23,
  0x9b, 0x2b, 0x0f, 0x33, 0x4f, 0x3a, 0x55, 0x41, 0x1a, 0x48, 0x96, 0x4e,
  0xc2, 0x54, 0x9a, 0x5a, 0x16, 0x60, 0x32, 0x65, 0xe8, 0x69, 0x34, 0x6e,
  0x10, 0x72, 0x7a, 0x75, 0x6e, 0x78, 0xe9, 0x7a, 0xe8, 0x7c, 0x69, 0x7e,
  0x6c, 0x7f, 0xee, 0x7f, 0xef, 0x7f, 0x70, 0x7f, 0x71, 0x7e, 0xf2, 0x7c,
  0xf6, 0x7a, 0x7e, 0x78, 0x8d, 0x75, 0x26, 0x72, 0x4b, 0x6e, 0x02, 0x6a,
  0x4f, 0x65, 0x35, 0x60, 0xbb, 0x5a, 0xe5, 0x54, 0xba, 0x4e, 0x40, 0x48,
  0x7e, 0x41, 0x79, 0x3a, 0x39, 0x33, 0xc6, 0x2b, 0x27, 0x24, 0x64, 0x1c,
  0x84, 0x14, 0x90, 0x0c, 0x8e, 0x04, 0x8a, 0xfc, 0x87, 0xf4, 0x91, 0xec,
  0xad, 0xe4, 0xe6, 0xdc, 0x41, 0xd5, 0xc8, 0xcd, 0x81, 0xc6, 0x74, 0xbf,
  0xa8, 0xb8, 0x23, 0xb2, 0xed, 0xab, 0x0b, 0xa6, 0x84, 0xa0, 0x5d, 0x9b,
  0x9c, 0x96, 0x44, 0x92, 0x5a, 0x8e, 0xe3, 0x8a, 0xe2, 0x87, 0x59, 0x85,
  0x4c, 0x83, 0xbc, 0x81, 0xab, 0x80, 0x1b, 0x80, 0x0b, 0x80, 0x7b, 0x80,
  0x6c, 0x81, 0xdc, 0x82, 0xca, 0x84, 0x34, 0x87, 0x18, 0x8a, 0x72, 0x8d,
  0x3f, 0x91, 0x7b, 0x95, 0x23, 0x9a, 0x31, 0x9f, 0xa1, 0xa4, 0x6c, 0xaa,
  0x8e, 0xb0, 0xff, 0xb6, 0xba, 0xbd, 0xb8, 0xc4, 0xf1, 0xcb, 0x5e, 0xd3,
  0xf9, 0xda, 0xb8, 0xe2, 0x96, 0xea, 0x88, 0xf2, 0x88, 0xfa, 0x8d, 0x02,
  0x90, 0x0a, 0x89, 0x12, 0x6e, 0x1a, 0x3a, 0x22, 0xe3, 0x29, 0x61, 0x31,
  0xae, 0x38, 0xc2, 0x3f, 0x96, 0x46, 0x23, 0x4d, 0x62, 0x53, 0x4e, 0x59,
  0xe0, 0x5e, 0x12, 0x64, 0xdf, 0x68, 0x43, 0x6d, 0x3a, 0x71, 0xbe, 0x74,
  0xcd, 0x77, 0x63, 0x7a, 0x7f, 0x7c, 0x1d, 0x7e, 0x3c, 0x7f, 0xdb, 0x7f,
  0xfa, 0x7f, 0x98, 0x7f, 0xb6, 0x7e, 0x54, 0x7d, 0x74, 0x7b, 0x18, 0x79,
  0x42, 0x76, 0xf6, 0x72, 0x35, 0x6f, 0x05, 0x6b, 0x69, 0x66, 0x67, 0x61,
  0x02, 0x5c, 0x41, 0x56, 0x29, 0x50, 0xc0, 0x49, 0x0d, 0x43, 0x17, 0x3c,
  0xe4, 0x34, 0x7c, 0x2d, 0xe6, 0x25, 0x2b, 0x1e, 0x50, 0x16, 0x60, 0x0e,
  0x61, 0x06, 0x5c, 0xfe, 0x59, 0xf6, 0x5e, 0xee, 0x76, 0xe6, 0xa7, 0xde,
  0xfa, 0xd6, 0x76, 0xcf, 0x23, 0xc8, 0x08, 0xc1, 0x2d, 0xba, 0x98, 0xb3,
  0x4f, 0xad, 0x5a, 0xa7, 0xbe, 0xa1, 0x80, 0x9c, 0xa7, 0x97, 0x37, 0x93,
  0x34, 0x8f, 0xa2, 0x8b, 0x86, 0x88, 0xe2, 0x85, 0xb8, 0x83, 0x0c, 0x82,
  0xde, 0x80, 0x30, 0x80, 0x03, 0x80, 0x56, 0x80, 0x2a, 0x81, 0x7d, 0x82,
  0x4f, 0x84, 0x9d, 0x86, 0x65, 0x89, 0xa4, 0x8c, 0x58, 0x90, 0x7b, 0x94,
  0x0b, 0x99, 0x03, 0x9e, 0x5c, 0xa3, 0x14, 0xa9, 0x22, 0xaf, 0x82, 0xb5,
  0x2d, 0xbc, 0x1c, 0xc3, 0x48, 0xca, 0xaa, 0xd1, 0x3b, 0xd9, 0xf3, 0xe0,
  0xca, 0xe8, 0xb8, 0xf0, 0xb6, 0xf8, 0xba, 0x00, 0xbf, 0x08, 0xba, 0x10,
  0xa5, 0x18, 0x77, 0x20, 0x28, 0x28, 0xb1, 0x2f, 0x0a, 0x37, 0x2c, 0x3e,
  0x0f, 0x45, 0xad, 0x4b, 0xfe, 0x51, 0xfd, 0x57, 0xa4, 0x5d, 0xec, 0x62,
  0xd1, 0x67, 0x4d, 0x6c, 0x5d, 0x70, 0xfc, 0x73, 0x25, 0x77, 0xd7, 0x79,
  0x0f, 0x7c, 0xca, 0x7d, 0x06, 0x7f, 0xc2, 0x7f, 0xfe, 0x7f, 0xba, 0x7f,
  0xf4, 0x7e, 0xb0, 0x7d, 0xec, 0x7b, 0xac, 0x79, 0xf2, 0x76, 0xc0, 0x73,
  0x1a, 0x70, 0x03, 0x6c, 0x7f, 0x67, 0x93, 0x62, 0x44, 0x5d, 0x97, 0x57,
  0x92, 0x51, 0x3b, 0x4b, 0x99, 0x44, 0xb1, 0x3d, 0x8c, 0x36, 0x2f, 0x2f,
  0xa3, 0x27, 0xef, 0x1f, 0x1c, 0x18, 0x2f, 0x10, 0x33, 0x08, 0x2e, 0x00,
  0x2a, 0xf8, 0x2d, 0xf0, 0x40, 0xe8, 0x6b, 0xe0, 0xb6, 0xd8, 0x28, 0xd1,
  0xc9, 0xc9, 0xa1, 0xc2, 0xb6, 0xbb, 0x10, 0xb5, 0xb6, 0xae, 0xad, 0xa8,
  0xfc, 0xa2, 0xa9, 0x9d, 0xb8, 0x98, 0x30, 0x94, 0x13, 0x90, 0x68, 0x8c,
  0x31, 0x89, 0x71, 0x86, 0x2b, 0x84, 0x62, 0x82, 0x18, 0x81, 0x4d, 0x80,
  0x02, 0x80, 0x38, 0x80, 0xef, 0x80, 0x25, 0x82, 0xda, 0x83, 0x0c, 0x86,
  0xb9, 0x88, 0xdd, 0x8b, 0x76, 0x8f, 0x81, 0x93, 0xf9, 0x97, 0xd9, 0x9c,
  0x1d, 0xa2, 0xbf, 0xa7, 0xba, 0xad, 0x08, 0xb4, 0xa2, 0xba, 0x83, 0xc1,
  0xa2, 0xc8, 0xf8, 0xcf, 0x7f, 0xd7, 0x2f, 0xdf, 0xff, 0xe6, 0xe9, 0xee,
  0xe4, 0xf6, 0xe8, 0xfe, 0xed, 0x06, 0xeb, 0x0e, 0xda, 0x16, 0xb3, 0x1e,
  0x6c, 0x26, 0xff, 0x2d, 0x63, 0x35, 0x92, 0x3c, 0x84, 0x43, 0x32, 0x4a,
  0x96, 0x50, 0xa8, 0x56, 0x63, 0x5c, 0xc1, 0x61, 0xbd, 0x66, 0x52, 0x6b,
  0x7b, 0x6f, 0x33, 0x73, 0x78, 0x76, 0x45, 0x79, 0x99, 0x7b, 0x70, 0x7d,
  0xc9, 0x7e, 0xa3, 0x7f, 0xfc, 0x7f, 0xd5, 0x7f, 0x2d, 0x7f, 0x05, 0x7e,
  0x5e, 0x7c, 0x3a, 0x7a, 0x9b, 0x77, 0x84, 0x74, 0xf8, 0x70, 0xfa, 0x6c,
  0x8f, 0x68, 0xba, 0x63, 0x81, 0x5e, 0xe9, 0x58, 0xf8, 0x52, 0xb3, 0x4c,
  0x21, 0x46, 0x49, 0x3f, 0x31, 0x38, 0xe0, 0x30, 0x5e, 0x29, 0xb3, 0x21,
  0xe5, 0x19, 0xfe, 0x11, 0x05, 0x0a, 0x01, 0x02, 0xfc, 0xf9, 0xfd, 0xf1,
  0x0c, 0xea, 0x30, 0xe2, 0x73, 0xda, 0xdb, 0xd2, 0x71, 0xcb, 0x3c, 0xc4,
  0x43, 0xbd, 0x8d, 0xb6, 0x20, 0xb0, 0x05, 0xaa, 0x3f, 0xa4, 0xd6, 0x9e,
  0xcf, 0x99, 0x2e, 0x95, 0xf9, 0x90, 0x33, 0x8d, 0xe1, 0x89, 0x06, 0x87,
  0xa5, 0x84, 0xbf, 0x82, 0x58, 0x81, 0x6f, 0x80, 0x08, 0x80, 0x20, 0x80,
  0xba, 0x80, 0xd3, 0x81, 0x6c, 0x83, 0x81, 0x85, 0x12, 0x88, 0x1c, 0x8b,
  0x9b, 0x8e, 0x8c, 0x92, 0xeb, 0x96, 0xb4, 0x9b, 0xe2, 0xa0, 0x6f, 0xa6,
  0x57, 0xac, 0x92, 0xb2, 0x1c, 0xb9, 0xed, 0xbf, 0xfe, 0xc6, 0x49, 0xce,
  0xc5, 0xd5, 0x6c, 0xdd, 0x36, 0xe5, 0x1b, 0xed, 0x13, 0xf5, 0x16, 0xfd,
  0x1a, 0x05, 0x1b, 0x0d, 0x0e, 0x15, 0xed, 0x1c, 0xae, 0x24, 0x4a, 0x2c,
  0xba, 0x33, 0xf5, 0x3a, 0xf6, 0x41, 0xb4, 0x48, 0x29, 0x4f, 0x4e, 0x55,
  0x1e, 0x5b, 0x91, 0x60, 0xa4, 0x65, 0x51, 0x6a, 0x92, 0x6e, 0x65, 0x72,
  0xc4, 0x75, 0xad, 0x78, 0x1c, 0x7b, 0x10, 0x7d, 0x86, 0x7e, 0x7d, 0x7f,
  0xf3, 0x7f, 0xe9, 0x7f, 0x5e, 0x7f, 0x53, 0x7e, 0xc9, 0x7c, 0xc1, 0x7a,
  0x3e, 0x78, 0x42, 0x75, 0xd1, 0x71, 0xec, 0x6d, 0x99, 0x69, 0xdc, 0x64,
  0xba, 0x5f, 0x37, 0x5a, 0x59, 0x54, 0x27, 0x4e, 0xa6, 0x47, 0xdd, 0x40,
  0xd3, 0x39, 0x8e, 0x32, 0x17, 0x2b, 0x74, 0x23, 0xae, 0x1b, 0xcc, 0x13,
  0xd6, 0x0b, 0xd4, 0x03, 0xcf, 0xfb, 0xcd, 0xf3, 0xd8, 0xeb, 0xf7, 0xe3,
  0x32, 0xdc, 0x91, 0xd4, 0x1c, 0xcd, 0xda, 0xc5, 0xd3, 0xbe, 0x0d, 0xb8,
  0x8f, 0xb1, 0x61, 0xab, 0x87, 0xa5, 0x08, 0xa0, 0xea, 0x9a, 0x32, 0x96,
  0xe4, 0x91, 0x05, 0x8e, 0x98, 0x8a, 0xa2, 0x87, 0x24, 0x85, 0x22, 0x83,
  0x9e, 0x81, 0x99, 0x80, 0x14, 0x80, 0x0f, 0x80, 0x8c, 0x80, 0x88, 0x81,
  0x04, 0x83, 0xfd, 0x84, 0x72, 0x87, 0x61, 0x8a, 0xc5, 0x8d, 0x9d, 0x91,
  0xe3, 0x95, 0x95, 0x9a, 0xac, 0x9f, 0x24, 0xa5, 0xf8, 0xaa, 0x21, 0xb1,
  0x99, 0xb7, 0x5a, 0xbe, 0x5e, 0xc5, 0x9c, 0xcc, 0x0e, 0xd4, 0xac, 0xdb,
  0x6e, 0xe3, 0x4e, 0xeb, 0x42, 0xf3, 0x43, 0xfb, 0x48, 0x03, 0x4a, 0x0b,
  0x41, 0x13, 0x25, 0x1b, 0xee, 0x22, 0x93, 0x2a, 0x0d, 0x32, 0x55, 0x39,
  0x64, 0x40, 0x32, 0x47, 0xb8, 0x4d, 0xf0, 0x53, 0xd3, 0x59, 0x5d, 0x5f,
  0x86, 0x64, 0x4a, 0x69, 0xa4, 0x6d, 0x90, 0x71, 0x0a, 0x75, 0x0e, 0x78,
  0x99, 0x7a, 0xaa, 0x7c, 0x3c, 0x7e, 0x50, 0x7f, 0xe3, 0x7f, 0xf7, 0x7f,
  0x89, 0x7f, 0x9b, 0x7e, 0x2e, 0x7d, 0x42, 0x7b, 0xdb, 0x78, 0xfb, 0x75,
  0xa3, 0x72, 0xd9, 0x6e, 0x9e, 0x6a, 0xf9, 0x65, 0xed, 0x60, 0x80, 0x5b,
  0xb6, 0x55, 0x97, 0x4f, 0x27, 0x49, 0x6e, 0x42, 0x72, 0x3b, 0x3a, 0x34,
  0xcd, 0x2c, 0x34, 0x25, 0x75, 0x1d, 0x98, 0x15, 0xa6, 0x0d, 0xa6, 0x05,
  0xa2, 0xfd, 0x9e, 0xf5, 0xa6, 0xed, 0xbf, 0xe5, 0xf3, 0xdd, 0x4a, 0xd6,
  0xca, 0xce, 0x7c, 0xc7, 0x66, 0xc0, 0x91, 0xb9, 0x02, 0xb3, 0xc1, 0xac,
  0xd4, 0xa6, 0x40, 0xa1, 0x0b, 0x9c, 0x3b, 0x97, 0xd5, 0x92, 0xdc, 0x8e,
  0x55, 0x8b, 0x44, 0x88, 0xaa, 0x85, 0x8c, 0x83, 0xeb, 0x81, 0xc9, 0x80,
  0x27, 0x80, 0x05, 0x80, 0x64, 0x80, 0x44, 0x81, 0xa3, 0x82, 0x7f, 0x84,
  0xd9, 0x86, 0xac, 0x89, 0xf6, 0x8c, 0xb3, 0x90, 0xe1, 0x94, 0x7b, 0x99,
  0x7b, 0x9e, 0xde, 0xa3, 0x9d, 0xa9, 0xb3, 0xaf, 0x1a, 0xb6, 0xcb, 0xbc,
  0xc0, 0xc3, 0xf2, 0xca, 0x58, 0xd2, 0xed, 0xd9, 0xa8, 0xe1, 0x82, 0xe9,
  0x72, 0xf1, 0x71, 0xf9, 0x75, 0x01, 0x79, 0x09, 0x73, 0x11, 0x5c, 0x19,
  0x2b, 0x21, 0xd9, 0x28, 0x5e, 0x30, 0xb3, 0x37, 0xcf, 0x3e, 0xac, 0x45,
  0x43, 0x4c, 0x8d, 0x52, 0x84, 0x58, 0x23, 0x5e, 0x62, 0x63, 0x3e, 0x68,
  0xb1, 0x6c, 0xb6, 0x70, 0x4a, 0x74, 0x69, 0x77, 0x10, 0x7a, 0x3c, 0x7c,
  0xec, 0x7d, 0x1c, 0x7f, 0xcd, 0x7f, 0xfd, 0x7f, 0xad, 0x7f, 0xdc, 0x7e,
  0x8c, 0x7d, 0xbd, 0x7b, 0x72, 0x79, 0xad, 0x76, 0x70, 0x73, 0xbf, 0x6f,
  0x9e, 0x6b, 0x11, 0x67, 0x1b, 0x62, 0xc4, 0x5c, 0x0f, 0x57, 0x02, 0x51,
  0xa4, 0x4a, 0xfb, 0x43, 0x0d, 0x3d, 0xe3, 0x35, 0x81, 0x2e, 0xf2, 0x26,
  0x3a, 0x1f, 0x64, 0x17, 0x76, 0x0f, 0x78, 0x07, 0x74, 0xff, 0x70, 0xf7,
  0x74, 0xef, 0x89, 0xe7, 0xb6, 0xdf, 0x04, 0xd8, 0x7a, 0xd0, 0x20, 0xc9,
  0xfd, 0xc1, 0x18, 0xbb, 0x79, 0xb4, 0x26, 0xae, 0x25, 0xa8, 0x7c, 0xa2,
  0x32, 0x9d, 0x4a, 0x98, 0xcb, 0x93, 0xb9, 0x8f, 0x18, 0x8c, 0xec, 0x88,
  0x37, 0x86, 0xfd, 0x83, 0x3f, 0x82, 0x00, 0x81, 0x40, 0x80, 0x02, 0x80,
  0x43, 0x80, 0x06, 0x81, 0x48, 0x82, 0x08, 0x84, 0x45, 0x86, 0xfd, 0x88,
  0x2c, 0x8c, 0xd0, 0x8f, 0xe4, 0x93, 0x66, 0x98, 0x4f, 0x9d, 0x9c, 0xa2,
  0x47, 0xa8, 0x4a, 0xae, 0x9f, 0xb4, 0x40, 0xbb, 0x26, 0xc2, 0x4a, 0xc9,
  0xa5, 0xd0, 0x30, 0xd8, 0xe3, 0xdf, 0xb7, 0xe7, 0xa2, 0xef, 0x9f, 0xf7,
  0xa3, 0xff, 0xa7, 0x07, 0xa4, 0x0f, 0x92, 0x17, 0x68, 0x1f, 0x1e, 0x27,
  0xad, 0x2e, 0x0d, 0x36, 0x36, 0x3d, 0x22, 0x44, 0xca, 0x4a, 0x26, 0x51,
  0x31, 0x57, 0xe4, 0x5c, 0x39, 0x62, 0x2c, 0x67, 0xb7, 0x6b, 0xd6, 0x6f,
  0x84, 0x73, 0xbe, 0x76, 0x81, 0x79, 0xc9, 0x7b, 0x95, 0x7d, 0xe2, 0x7e,
  0xb0, 0x7f, 0xfe, 0x7f, 0xcb, 0x7f, 0x17, 0x7f, 0xe3, 0x7d, 0x31, 0x7c,
  0x02, 0x7a, 0x58, 0x77, 0x37, 0x74, 0xa0, 0x70, 0x98, 0x6c, 0x23, 0x68,
  0x45, 0x63, 0x03, 0x5e, 0x63, 0x58, 0x69, 0x52, 0x1d, 0x4c, 0x85, 0x45,
  0xa6, 0x3e, 0x89, 0x37, 0x33, 0x30, 0xad, 0x28, 0xfe, 0x20, 0x2e, 0x19,
  0x45, 0x11, 0x4a, 0x09, 0x46, 0x01, 0x42, 0xf9, 0x43, 0xf1, 0x54, 0xe9,
  0x7b, 0xe1, 0xc1, 0xd9, 0x2d, 0xd2, 0xc7, 0xca, 0x97, 0xc3, 0xa4, 0xbc,
  0xf4, 0xb5, 0x8f, 0xaf, 0x7b, 0xa9, 0xbd, 0xa3, 0x5d, 0x9e, 0x5f, 0x99,
  0xc8, 0x94, 0x9c, 0x90, 0xe1, 0x8c, 0x9a, 0x89, 0xca, 0x86, 0x73, 0x84,
  0x99, 0x82, 0x3d, 0x81, 0x61, 0x80, 0x05, 0x80, 0x29, 0x80, 0xce, 0x80,
  0xf3, 0x81, 0x97, 0x83, 0xb8, 0x85, 0x54, 0x88, 0x68, 0x8b, 0xf2, 0x8e,
  0xed, 0x92, 0x56, 0x97, 0x29, 0x9c, 0x5f, 0xa1, 0xf5, 0xa6, 0xe4, 0xac,
  0x27, 0xb3, 0xb8, 0xb9, 0x8f, 0xc0, 0xa5, 0xc7, 0xf5, 0xce, 0x76, 0xd6,
  0x20, 0xde, 0xed, 0xe5, 0xd4, 0xed, 0xcd, 0xf5, 0xd0, 0xfd, 0xd5, 0x05,
  0xd5, 0x0d, 0xc6, 0x15, 0xa2, 0x1d, 0x60, 0x25, 0xf9, 0x2c, 0x64, 0x34,
  0x9b, 0x3b, 0x96, 0x42, 0x4d, 0x49, 0xbb, 0x4f, 0xd9, 0x55, 0xa0, 0x5b,
  0x0c, 0x61, 0x15, 0x66, 0xb8, 0x6a, 0xf0, 0x6e, 0xb8, 0x72, 0x0d, 0x76,
  0xeb, 0x78, 0x4f, 0x7b, 0x37, 0x7d, 0xa2, 0x7e, 0x8d, 0x7f, 0xf8, 0x7f,
  0xe2, 0x7f, 0x4b, 0x7f, 0x34, 0x7e, 0x9f, 0x7c, 0x8c, 0x7a, 0xfe, 0x77,
  0xf7, 0x74, 0x7b, 0x71, 0x8c, 0x6d, 0x2f, 0x69, 0x69, 0x64, 0x3d, 0x5f,
  0xb2, 0x59, 0xcd, 0x53, 0x93, 0x4d, 0x0b, 0x47, 0x3c, 0x40, 0x2c, 0x39,
  0xe2, 0x31, 0x67, 0x2a, 0xc1, 0x22, 0xf7, 0x1a, 0x13, 0x13, 0x1c, 0x0b,
  0x19, 0x03, 0x14, 0xfb, 0x14, 0xf3, 0x20, 0xeb, 0x41, 0xe3, 0x7f, 0xdb,
  0xe2, 0xd3, 0x71, 0xcc, 0x34, 0xc5, 0x32, 0xbe, 0x73, 0xb7, 0xfc, 0xb0,
  0xd5, 0xaa, 0x03, 0xa5, 0x8d, 0x9f, 0x78, 0x9a, 0xc9, 0x95, 0x85, 0x91,
  0xb0, 0x8d, 0x4e, 0x8a, 0x63, 0x87, 0xf0, 0x84, 0xfa, 0x82, 0x81, 0x81,
  0x88, 0x80, 0x0e, 0x80, 0x15, 0x80, 0x9d, 0x80, 0xa6, 0x81, 0x2d, 0x83,
  0x31, 0x85, 0xb2, 0x87, 0xab, 0x8a, 0x1a, 0x8e, 0xfc, 0x91, 0x4c, 0x96,
  0x07, 0x9b, 0x27, 0xa0, 0xa8, 0xa5, 0x84, 0xab, 0xb4, 0xb1, 0x33, 0xb8,
  0xfb, 0xbe, 0x04, 0xc6, 0x47, 0xcd, 0xbd, 0xd4, 0x5f, 0xdc, 0x25, 0xe4,
  0x06, 0xec, 0xfc, 0xf3, 0xfe, 0xfb, 0x02, 0x04, 0x04, 0x0c, 0xfa, 0x13,
  0xdb, 0x1b, 0xa1, 0x23, 0x43, 0x2b, 0xb9, 0x32, 0xfc, 0x39, 0x05, 0x41,
  0xcd, 0x47, 0x4c, 0x4e, 0x7c, 0x54, 0x58, 0x5a, 0xd9, 0x5f, 0xf9, 0x64,
  0xb4, 0x69, 0x04, 0x6e, 0xe6, 0x71, 0x55, 0x75, 0x4e, 0x78, 0xcf, 0x7a,
  0xd3, 0x7c, 0x5a, 0x7e, 0x63, 0x7f, 0xeb, 0x7f, 0xf2, 0x7f, 0x78, 0x7f,
  0x7f, 0x7e, 0x06, 0x7d, 0x10, 0x7b, 0x9d, 0x78, 0xb2, 0x75, 0x50, 0x72,
  0x7b, 0x6e, 0x37, 0x6a, 0x88, 0x65, 0x73, 0x60, 0xfd, 0x5a, 0x2b, 0x55,
  0x04, 0x4f, 0x8d, 0x48, 0xce, 0x41, 0xcc, 0x3a, 0x8f, 0x33, 0x1e, 0x2c,
  0x81, 0x24, 0xbf, 0x1c, 0xe0, 0x14, 0xec, 0x0c, 0xec, 0x04, 0xe7, 0xfc,
  0xe4, 0xf4, 0xed, 0xec, 0x09, 0xe5, 0x3f, 0xdd, 0x99, 0xd5, 0x1e, 0xce,
  0xd4, 0xc6, 0xc4, 0xbf, 0xf5, 0xb8, 0x6d, 0xb2, 0x33, 0xac, 0x4e, 0xa6,
  0xc3, 0xa0, 0x97, 0x9b, 0xd1, 0x96, 0x74, 0x92, 0x85, 0x8e, 0x09, 0x8b,
  0x02, 0x88, 0x74, 0x85, 0x61, 0x83, 0xcc, 0x81, 0xb5, 0x80, 0x1e, 0x80,
  0x08, 0x80, 0x73, 0x80, 0x5e, 0x81, 0xc9, 0x82, 0xb1, 0x84, 0x15, 0x87,
  0xf3, 0x89, 0x48, 0x8d, 0x10, 0x91, 0x48, 0x95, 0xeb, 0x99, 0xf4, 0x9e,
  0x60, 0xa4, 0x27, 0xaa, 0x45, 0xb0, 0xb3, 0xb6, 0x6a, 0xbd, 0x65, 0xc4,
  0x9c, 0xcb, 0x07, 0xd3, 0xa0, 0xda, 0x5e, 0xe2, 0x3a, 0xea, 0x2b, 0xf2,
  0x2b, 0xfa, 0x30, 0x02, 0x33, 0x0a, 0x2c, 0x12, 0x13, 0x1a, 0xe0, 0x21,
  0x8a, 0x29, 0x0b, 0x31, 0x5b, 0x38, 0x71, 0x3f, 0x48, 0x46, 0xd9, 0x4c,
  0x1c, 0x53, 0x0b, 0x59, 0xa1, 0x5e, 0xd7, 0x63, 0xaa, 0x68, 0x13, 0x6d,
  0x0e, 0x71, 0x98, 0x74, 0xac, 0x77, 0x48, 0x7a, 0x69, 0x7c, 0x0d, 0x7e,
  0x32, 0x7f, 0xd7, 0x7f, 0xfb, 0x7f, 0x9f, 0x7f, 0xc3, 0x7e, 0x67, 0x7d,
  0x8d, 0x7b, 0x36, 0x79, 0x66, 0x76, 0x1f, 0x73, 0x64, 0x6f, 0x38, 0x6b,
  0xa1, 0x66, 0xa3, 0x61, 0x43, 0x5c, 0x85, 0x56, 0x71, 0x50, 0x0c, 0x4a,
  0x5c, 0x43, 0x69, 0x3c, 0x39, 0x35, 0xd3, 0x2d, 0x3f, 0x26, 0x85, 0x1e,
  0xac, 0x16, 0xbd, 0x0e, 0xbe, 0x06, 0xba, 0xfe, 0xb6, 0xf6, 0xbb, 0xee,
  0xd2, 0xe6, 0x02, 0xdf, 0x53, 0xd7, 0xcd, 0xcf, 0x77, 0xc8, 0x5a, 0xc1,
  0x7b, 0xba, 0xe3, 0xb3, 0x97, 0xad, 0x9d, 0xa7, 0xfd, 0xa1, 0xbb, 0x9c,
  0xdd, 0x97, 0x68, 0x93, 0x60, 0x8f, 0xc9, 0x8b, 0xa8, 0x88, 0xfe, 0x85,
  0xcf, 0x83, 0x1d, 0x82, 0xe9, 0x80, 0x35, 0x80, 0x02, 0x80, 0x50, 0x80,
  0x1e, 0x81, 0x6b, 0x82, 0x37, 0x84, 0x7f, 0x86, 0x42, 0x89, 0x7c, 0x8c,
  0x2a, 0x90, 0x49, 0x94, 0xd4, 0x98, 0xc7, 0x9d, 0x1c, 0xa3, 0xcf, 0xa8,
  0xda, 0xae, 0x36, 0xb5, 0xde, 0xbb, 0xca, 0xc2, 0xf3, 0xc9, 0x53, 0xd1,
  0xe2, 0xd8, 0x98, 0xe0, 0x6e, 0xe8, 0x5c, 0xf0, 0x59, 0xf8, 0x5d, 0x00,
  0x61, 0x08, 0x5e, 0x10, 0x49, 0x18, 0x1d, 0x20, 0xd0, 0x27, 0x5b, 0x2f,
  0xb6, 0x36, 0xda, 0x3d, 0xc0, 0x44, 0x61, 0x4b, 0xb6, 0x51, 0xb9, 0x57,
  0x64, 0x5d, 0xb1, 0x62, 0x9a, 0x67, 0x1c, 0x6c, 0x30, 0x70, 0xd4, 0x73,
  0x03, 0x77, 0xbb, 0x79, 0xf8, 0x7b, 0xb8, 0x7d, 0xfa, 0x7e, 0xbd, 0x7f,
  0xfe, 0x7f, 0xc0, 0x7f, 0x00, 0x7f, 0xc1, 0x7d, 0x03, 0x7c, 0xc9, 0x79,
  0x14, 0x77, 0xe8, 0x73, 0x47, 0x70, 0x35, 0x6c, 0xb6, 0x67, 0xce, 0x62,
  0x84, 0x5d, 0xdb, 0x57, 0xda, 0x51, 0x87, 0x4b, 0xe8, 0x44, 0x03, 0x3e,
  0xe0, 0x36, 0x86, 0x2f, 0xfc, 0x27, 0x4a, 0x20, 0x77, 0x18, 0x8c, 0x10,
  0x90, 0x08, 0x8c, 0x00, 0x88, 0xf8, 0x8a, 0xf0, 0x9c, 0xe8, 0xc6, 0xe0,
  0x0e, 0xd9, 0x7f, 0xd1, 0x1d, 0xca, 0xf3, 0xc2, 0x05, 0xbc, 0x5c, 0xb5,
  0xfe, 0xae, 0xf1, 0xa8, 0x3c, 0xa3, 0xe5, 0x9d, 0xef, 0x98, 0x62, 0x94,
  0x41, 0x90, 0x90, 0x8c, 0x53, 0x89, 0x8e, 0x86, 0x43, 0x84, 0x74, 0x82,
  0x24, 0x81, 0x53, 0x80, 0x03, 0x80, 0x33, 0x80, 0xe4, 0x80, 0x14, 0x82,
  0xc4, 0x83, 0xf0, 0x85, 0x97, 0x88, 0xb6, 0x8b, 0x4a, 0x8f, 0x4f, 0x93,
  0xc2, 0x97, 0x9e, 0x9c, 0xdd, 0xa1, 0x7c, 0xa7, 0x73, 0xad, 0xbd, 0xb3,
  0x54, 0xba, 0x31, 0xc1, 0x4d, 0xc8, 0xa2, 0xcf, 0x27, 0xd7, 0xd5, 0xde,
  0xa4, 0xe6, 0x8d, 0xee, 0x87, 0xf6, 0x8b, 0xfe, 0x8f, 0x06, 0x8e, 0x0e,
  0x7e, 0x16, 0x58, 0x1e, 0x13, 0x26, 0xa8, 0x2d, 0x0e, 0x35, 0x40, 0x3c,
  0x35, 0x43, 0xe6, 0x49, 0x4d, 0x50, 0x63, 0x56, 0x22, 0x5c, 0x85, 0x61,
  0x85, 0x66, 0x1f, 0x6b, 0x4d, 0x6f, 0x0a, 0x73, 0x54, 0x76, 0x27, 0x79,
  0x81, 0x7b, 0x5d, 0x7d, 0xbc, 0x7e, 0x9c, 0x7f, 0xfb, 0x7f, 0xd9, 0x7f,
  0x37, 0x7f, 0x15, 0x7e, 0x74, 0x7c, 0x56, 0x7a, 0xbc, 0x77, 0xab, 0x74,
  0x24, 0x71, 0x2b, 0x6d, 0xc5, 0x68, 0xf5, 0x63, 0xc0, 0x5e, 0x2c, 0x59,
  0x3f, 0x53, 0xfe, 0x4c, 0x6f, 0x46, 0x9a, 0x3f, 0x84, 0x38, 0x36, 0x31,
  0xb6, 0x29, 0x0d, 0x22, 0x41, 0x1a, 0x5a, 0x12, 0x62, 0x0a, 0x5e, 0x02,
  0x5a, 0xfa, 0x5a, 0xf2, 0x68, 0xea, 0x8b, 0xe2, 0xcc, 0xda, 0x33, 0xd3,
  0xc6, 0xcb, 0x8e, 0xc4, 0x92, 0xbd, 0xd9, 0xb6, 0x69, 0xb0, 0x4a, 0xaa,
  0x80, 0xa4, 0x13, 0x9f, 0x07, 0x9a, 0x62, 0x95, 0x27, 0x91, 0x5d, 0x8d,
  0x05, 0x8a, 0x25, 0x87, 0xbe, 0x84, 0xd2, 0x82, 0x65, 0x81, 0x77, 0x80,
  0x09, 0x80, 0x1d, 0x80, 0xb0, 0x80, 0xc4, 0x81, 0x56, 0x83, 0x67, 0x85,
  0xf2, 0x87, 0xf6, 0x8a, 0x70, 0x8e, 0x5c, 0x92, 0xb6, 0x96, 0x7a, 0x9b,
  0xa3, 0xa0, 0x2d, 0xa6, 0x10, 0xac, 0x48, 0xb2, 0xce, 0xb8, 0x9c, 0xbf,
  0xab, 0xc6, 0xf3, 0xcd, 0x6d, 0xd5, 0x12, 0xdd, 0xdb, 0xe4, 0xbf, 0xec,
  0xb6, 0xf4, 0xb8, 0xfc, 0xbd, 0x04, 0xbe, 0x0c, 0xb2, 0x14, 0x92, 0x1c,
  0x54, 0x24, 0xf2, 0x2b, 0x64, 0x33, 0xa2, 0x3a, 0xa6, 0x41, 0x67, 0x48,
  0xdf, 0x4e, 0x08, 0x55, 0xdc, 0x5a, 0x54, 0x60, 0x6b, 0x65, 0x1d, 0x6a,
  0x63, 0x6e, 0x3b, 0x72, 0x9f, 0x75, 0x8e, 0x78, 0x03, 0x7b, 0xfc, 0x7c,
  0x78, 0x7e, 0x74, 0x7f, 0xf1, 0x7f, 0xec, 0x7f, 0x67, 0x7f, 0x62, 0x7e,
  0xde, 0x7c, 0xdc, 0x7a, 0x5e, 0x78, 0x68, 0x75, 0xfb, 0x71, 0x1c, 0x6e,
  0xce, 0x69, 0x16, 0x65, 0xf8, 0x5f, 0x79, 0x5a, 0x9f, 0x54, 0x71, 0x4e,
  0xf3, 0x47, 0x2d, 0x41, 0x26, 0x3a, 0xe4, 0x32, 0x6f, 0x2b, 0xce, 0x23,
  0x09, 0x1c, 0x28, 0x14, 0x33, 0x0c, 0x31, 0x04, 0x2c, 0xfc, 0x2a, 0xf4,
  0x34, 0xec, 0x52, 0xe4, 0x8c, 0xdc, 0xe9, 0xd4, 0x72, 0xcd, 0x2d, 0xc6,
  0x23, 0xbf, 0x5a, 0xb8, 0xd9, 0xb1, 0xa7, 0xab, 0xc9, 0xa5, 0x46, 0xa0,
  0x24, 0x9b, 0x67, 0x96, 0x14, 0x92, 0x2f, 0x8e, 0xbe, 0x8a, 0xc2, 0x87,
  0x3f, 0x85, 0x37, 0x83, 0xad, 0x81, 0xa2, 0x80, 0x17, 0x80, 0x0d, 0x80,
  0x83, 0x80, 0x7a, 0x81, 0xf0, 0x82, 0xe4, 0x84, 0x53, 0x87, 0x3c, 0x8a,
  0x9b, 0x8d, 0x6e, 0x91, 0xaf, 0x95, 0x5c, 0x9a, 0x6f, 0x9f, 0xe2, 0xa4,
  0xb2, 0xaa, 0xd7, 0xb0, 0x4c, 0xb7, 0x0a, 0xbe, 0x0b, 0xc5, 0x46, 0xcc,
  0xb6, 0xd3, 0x52, 0xdb, 0x13, 0xe3, 0xf2, 0xea, 0xe5, 0xf2, 0xe6, 0xfa,
  0xea, 0x02, 0xed, 0x0a, 0xe5, 0x12, 0xca, 0x1a, 0x94, 0x22, 0x3b, 0x2a,
  0xb7, 0x31, 0x02, 0x39, 0x13, 0x40, 0xe4, 0x46, 0x6e, 0x4d, 0xa9, 0x53,
  0x91, 0x59, 0x1e, 0x5f, 0x4c, 0x64, 0x15, 0x69, 0x74, 0x6d, 0x65, 0x71,
  0xe4, 0x74, 0xee, 0x77, 0x7f, 0x7a, 0x94, 0x7c, 0x2d, 0x7e, 0x46, 0x7f,
  0xe0, 0x7f, 0xf8, 0x7f, 0x91, 0x7f, 0xa8, 0x7e, 0x41, 0x7d, 0x5b, 0x7b,
  0xfa, 0x78, 0x1f, 0x76, 0xcd, 0x72, 0x07, 0x6f, 0xd2, 0x6a, 0x31, 0x66,
  0x2a, 0x61, 0xc1, 0x5b, 0xfb, 0x55, 0xe0, 0x4f, 0x73, 0x49, 0xbd, 0x42,
  0xc4, 0x3b, 0x8f, 0x34, 0x25, 0x2d, 0x8d, 0x25, 0xd0, 0x1d, 0xf4, 0x15,
  0x03, 0x0e, 0x04, 0x06, 0xff, 0xfd, 0xfb, 0xf5, 0x02, 0xee, 0x1b, 0xe6,
  0x4d, 0xde, 0xa2, 0xd6, 0x20, 0xcf, 0xcf, 0xc7, 0xb7, 0xc0, 0xdf, 0xb9,
  0x4d, 0xb3, 0x08, 0xad, 0x17, 0xa7, 0x7f, 0xa1, 0x46, 0x9c, 0x71, 0x97,
  0x06, 0x93, 0x08, 0x8f, 0x7c, 0x8b, 0x65, 0x88, 0xc6, 0x85, 0xa2, 0x83,
  0xfb, 0x81, 0xd3, 0x80, 0x2b, 0x80, 0x04, 0x80, 0x5d, 0x80, 0x37, 0x81,
  0x90, 0x82, 0x67, 0x84, 0xbb, 0x86, 0x88, 0x89, 0xcd, 0x8c, 0x85, 0x90,
  0xae, 0x94, 0x43, 0x99, 0x3f, 0x9e, 0x9d, 0xa3, 0x58, 0xa9, 0x6a, 0xaf,
  0xce, 0xb5, 0x7c, 0xbc, 0x6e, 0xc3, 0x9d, 0xca, 0x01, 0xd2, 0x94, 0xd9,
  0x4d, 0xe1, 0x26, 0xe9, 0x15, 0xf1, 0x13, 0xf9, 0x18, 0x01, 0x1c, 0x09,
  0x17, 0x11, 0x01, 0x19, 0xd1, 0x20, 0x81, 0x28, 0x08, 0x30, 0x5e, 0x37,
  0x7d, 0x3e, 0x5e, 0x45, 0xf8, 0x4b, 0x46, 0x52, 0x41, 0x58, 0xe3, 0x5d,
  0x27, 0x63, 0x07, 0x68, 0x7f, 0x6c, 0x8a, 0x70, 0x23, 0x74, 0x47, 0x77,
  0xf4, 0x79, 0x26, 0x7c, 0xdb, 0x7d, 0x11, 0x7f, 0xc8, 0x7f, 0xfe, 0x7f,
  0xb3, 0x7f, 0xe8, 0x7e, 0x9e, 0x7d, 0xd5, 0x7b, 0x8f, 0x79, 0xcf, 0x76,
  0x98, 0x73, 0xed, 0x6f, 0xd0, 0x6b, 0x48, 0x67, 0x57, 0x62, 0x04, 0x5d,
  0x53, 0x57, 0x4a, 0x51, 0xf0, 0x4a, 0x4a, 0x44, 0x5f, 0x3d, 0x37, 0x36,
  0xd8, 0x2e, 0x4a, 0x27, 0x95, 0x1f, 0xc0, 0x17, 0xd3, 0x0f, 0xd6, 0x07,
  0xd2, 0xff, 0xcd, 0xf7, 0xd1, 0xef, 0xe4, 0xe7, 0x11, 0xe0, 0x5d, 0xd8,
  0xd1, 0xd0, 0x74, 0xc9, 0x4f, 0xc2, 0x67, 0xbb, 0xc5, 0xb4, 0x6e, 0xae,
  0x69, 0xa8, 0xbc, 0xa2, 0x6d, 0x9d, 0x81, 0x98, 0xfd, 0x93, 0xe6, 0x8f,
  0x40, 0x8c, 0x0e, 0x89, 0x54, 0x86, 0x14, 0x84, 0x50, 0x82, 0x0c, 0x81,
  0x46, 0x80, 0x02, 0x80, 0x3e, 0x80, 0xfa, 0x80, 0x36, 0x82, 0xf1, 0x83,
  0x29, 0x86, 0xdb, 0x88, 0x04, 0x8c, 0xa3, 0x8f, 0xb3, 0x93, 0x2f, 0x98,
  0x14, 0x9d, 0x5c, 0xa2, 0x03, 0xa8, 0x02, 0xae, 0x53, 0xb4, 0xf1, 0xba,
  0xd4, 0xc1, 0xf6, 0xc8, 0x4f, 0xd0, 0xd8, 0xd7, 0x89, 0xdf, 0x5b, 0xe7,
  0x46, 0xef, 0x41, 0xf7, 0x46, 0xff, 0x4a, 0x07, 0x48, 0x0f, 0x36, 0x17,
  0x0d, 0x1f, 0xc5, 0x26, 0x56, 0x2e, 0xb8, 0x35, 0xe4, 0x3c, 0xd3, 0x43,
  0x7e, 0x4a, 0xde, 0x50, 0xec, 0x56, 0xa4, 0x5c, 0xfd, 0x61, 0xf5, 0x66,
  0x85, 0x6b, 0xa8, 0x6f, 0x5c, 0x73, 0x9b, 0x76, 0x63, 0x79, 0xb1, 0x7b,
  0x83, 0x7d, 0xd6, 0x7e, 0xaa, 0x7f, 0xfd, 0x7f, 0xd0, 0x7f, 0x22, 0x7f,
  0xf4, 0x7d, 0x48, 0x7c, 0x1e, 0x7a, 0x7a, 0x77, 0x5e, 0x74, 0xcc, 0x70,
  0xc9, 0x6c, 0x59, 0x68, 0x80, 0x63, 0x42, 0x5e, 0xa6, 0x58, 0xb1, 0x52,
  0x68, 0x4c, 0xd3, 0x45, 0xf8, 0x3e, 0xdd, 0x37, 0x8a, 0x30, 0x06, 0x29,
  0x59, 0x21, 0x8a, 0x19, 0xa2, 0x11, 0xa7, 0x09, 0xa4, 0x01, 0x9f, 0xf9,
  0xa0, 0xf1, 0xb0, 0xe9, 0xd5, 0xe1, 0x1a, 0xda, 0x84, 0xd2, 0x1c, 0xcb,
  0xe9, 0xc3, 0xf3, 0xbc, 0x40, 0xb6, 0xd7, 0xaf, 0xbf, 0xa9, 0xfe, 0xa3,
  0x99, 0x9e, 0x97, 0x99, 0xfb, 0x94, 0xcb, 0x90, 0x0a, 0x8d, 0xbe, 0x89,
  0xe8, 0x86, 0x8c, 0x84, 0xac, 0x82, 0x4a, 0x81, 0x68, 0x80, 0x06, 0x80,
  0x25, 0x80, 0xc4, 0x80, 0xe3, 0x81, 0x81, 0x83, 0x9d, 0x85, 0x33, 0x88,
  0x42, 0x8b, 0xc6, 0x8e, 0xbd, 0x92, 0x21, 0x97, 0xee, 0x9b, 0x20, 0xa1,
  0xb2, 0xa6, 0x9e, 0xac, 0xdd, 0xb2, 0x6a, 0xb9, 0x3e, 0xc0, 0x52, 0xc7,
  0x9f, 0xce, 0x1d, 0xd6, 0xc6, 0xdd, 0x92, 0xe5, 0x77, 0xed, 0x70, 0xf5,
  0x73, 0xfd, 0x78, 0x05, 0x78, 0x0d, 0x6a, 0x15, 0x48, 0x1d, 0x07, 0x25,
  0xa2, 0x2c, 0x0f, 0x34, 0x48, 0x3b, 0x46, 0x42, 0x01, 0x49, 0x72, 0x4f,
  0x94, 0x55, 0x5f, 0x5b, 0xcf, 0x60, 0xdd, 0x65, 0x85, 0x6a, 0xc1, 0x6e,
  0x8e, 0x72, 0xe8, 0x75, 0xcc, 0x78, 0x36, 0x7b, 0x24, 0x7d, 0x94, 0x7e,
  0x85, 0x7f, 0xf5, 0x7f, 0xe5, 0x7f, 0x55, 0x7f, 0x44, 0x7e, 0xb4, 0x7c,
  0xa7, 0x7a, 0x1e, 0x78, 0x1d, 0x75, 0xa6, 0x71, 0xbc, 0x6d, 0x64, 0x69,
  0xa3, 0x64, 0x7c, 0x5f, 0xf5, 0x59, 0x13, 0x54, 0xdd, 0x4d, 0x58, 0x47,
  0x8c, 0x40, 0x7f, 0x39, 0x38, 0x32, 0xbf, 0x2a, 0x1a, 0x23, 0x53, 0x1b,
  0x6f, 0x13, 0x79, 0x0b, 0x76, 0x03, 0x72, 0xfb, 0x70, 0xf3, 0x7c, 0xeb,
  0x9c, 0xe3, 0xd9, 0xdb, 0x3a, 0xd4, 0xc7, 0xcc, 0x87, 0xc5, 0x82, 0xbe,
  0xc0, 0xb7, 0x46, 0xb1, 0x1b, 0xab, 0x45, 0xa5, 0xcb, 0x9f, 0xb1, 0x9a,
  0xfe, 0x95, 0xb5, 0x91, 0xda, 0x8d, 0x73, 0x8a, 0x82, 0x87, 0x0a, 0x85,
  0x0e, 0x83, 0x8f, 0x81, 0x90, 0x80, 0x11, 0x80, 0x12, 0x80, 0x94, 0x80,
  0x97, 0x81, 0x18, 0x83, 0x17, 0x85, 0x92, 0x87, 0x86, 0x8a, 0xf0, 0x8d,
  0xcc, 0x91, 0x18, 0x96, 0xce, 0x9a, 0xea, 0x9f, 0x66, 0xa5, 0x3e, 0xab,
  0x6a, 0xb1, 0xe6, 0xb7, 0xab, 0xbe, 0xb1, 0xc5, 0xf1, 0xcc, 0x65, 0xd4,
  0x05, 0xdc, 0xc9, 0xe3, 0xaa, 0xeb, 0x9f, 0xf3, 0xa0, 0xfb, 0xa5, 0x03,
  0xa7, 0x0b, 0x9e, 0x13, 0x80, 0x1b, 0x47, 0x23, 0xeb, 0x2a, 0x63, 0x32,
  0xa9, 0x39, 0xb5, 0x40, 0x7f, 0x47, 0x02, 0x4e, 0x36, 0x54, 0x16, 0x5a,
  0x9b, 0x5f, 0xbf, 0x64, 0x7f, 0x69, 0xd4, 0x6d, 0xbb, 0x71, 0x30, 0x75,
  0x2e, 0x78, 0xb4, 0x7a, 0xbf, 0x7c, 0x4b, 0x7e, 0x59, 0x7f, 0xe7, 0x7f,
  0xf4, 0x7f, 0x81, 0x7f, 0x8d, 0x7e, 0x1a, 0x7d, 0x29, 0x7b, 0xbc, 0x78,
  0xd6, 0x75, 0x7a, 0x72, 0xaa, 0x6e, 0x6b, 0x6a, 0xc1, 0x65, 0xb0, 0x60,
  0x3e, 0x5b, 0x71, 0x55, 0x4d, 0x4f, 0xda, 0x48, 0x1e, 0x42, 0x1f, 0x3b,
  0xe4, 0x33, 0x76, 0x2c, 0xda, 0x24, 0x1a, 0x1d, 0x3c, 0x15, 0x49, 0x0d,
  0x49, 0x05, 0x44, 0xfd, 0x41, 0xf5, 0x49, 0xed, 0x64, 0xe5, 0x99, 0xdd,
  0xf1, 0xd5, 0x74, 0xce, 0x28, 0xc7, 0x15, 0xc0, 0x43, 0xb9, 0xb8, 0xb2,
  0x7a, 0xac, 0x91, 0xa6, 0x01, 0xa1, 0xd1, 0x9b, 0x06, 0x97, 0xa4, 0x92,
  0xb1, 0x8e, 0x2f, 0x8b, 0x23, 0x88, 0x8f, 0x85, 0x77, 0x83, 0xdb, 0x81,
  0xbf, 0x80, 0x22, 0x80, 0x07, 0x80, 0x6c, 0x80, 0x51, 0x81, 0xb5, 0x82,
  0x98, 0x84, 0xf7, 0x86, 0xcf, 0x89, 0x1f, 0x8d, 0xe2, 0x90, 0x14, 0x95,
  0xb3, 0x99, 0xb8, 0x9e, 0x1f, 0xa4, 0xe2, 0xa9, 0xfc, 0xaf, 0x66, 0xb6,
  0x1b, 0xbd, 0x13, 0xc4, 0x47, 0xcb, 0xb0, 0xd2, 0x46, 0xda, 0x03, 0xe2,
  0xde, 0xe9, 0xcf, 0xf1, 0xce, 0xf9, 0xd2, 0x01, 0xd6, 0x09, 0xd0, 0x11,
  0xb8, 0x19, 0x86, 0x21, 0x32, 0x29, 0xb5, 0x30, 0x07, 0x38, 0x20, 0x3f,
  0xfa, 0x45, 0x8e, 0x4c, 0xd4, 0x52, 0xc8, 0x58, 0x62, 0x5e, 0x9d, 0x63,
  0x74, 0x68, 0xe2, 0x6c, 0xe2, 0x70, 0x71, 0x74, 0x8b, 0x77, 0x2c, 0x7a,
  0x53, 0x7c, 0xfc, 0x7d, 0x27, 0x7f, 0xd2, 0x7f, 0xfd, 0x7f, 0xa6, 0x7f,
  0xd0, 0x7e, 0x79, 0x7d, 0xa5, 0x7b, 0x54, 0x79, 0x89, 0x76, 0x47, 0x73,
  0x91, 0x6f, 0x6b, 0x6b, 0xd9, 0x66, 0xdf, 0x61, 0x83, 0x5c, 0xca, 0x56,
  0xba, 0x50, 0x58, 0x4a, 0xac, 0x43, 0xbb, 0x3c, 0x8e, 0x35, 0x2a, 0x2e,
  0x99, 0x26, 0xe0, 0x1e, 0x08, 0x17, 0x19, 0x0f, 0x1b, 0x07, 0x17, 0xff,
  0x13, 0xf7, 0x17, 0xef, 0x2d, 0xe7, 0x5c, 0xdf, 0xab, 0xd7, 0x23, 0xd0,
  0xcc, 0xc8, 0xab, 0xc1, 0xca, 0xba, 0x2e, 0xb4, 0xde, 0xad, 0xe1, 0xa7,
  0x3c, 0xa2, 0xf6, 0x9c, 0x14, 0x98, 0x9a, 0x93, 0x8d, 0x8f, 0xf1, 0x8b,
  0xca, 0x88, 0x1a, 0x86, 0xe6, 0x83, 0x2e, 0x82, 0xf4, 0x80, 0x3b, 0x80,
  0x02, 0x80, 0x49, 0x80, 0x12, 0x81, 0x59, 0x82, 0x1f, 0x84, 0x62, 0x86,
  0x1f, 0x89, 0x54, 0x8c, 0xfd, 0x8f, 0x17, 0x94, 0x9d, 0x98, 0x8b, 0x9d,
  0xdc, 0xa2, 0x8b, 0xa8, 0x92, 0xae, 0xea, 0xb4, 0x8f, 0xbb, 0x78, 0xc2,
  0x9f, 0xc9, 0xfc, 0xd0, 0x89, 0xd8, 0x3e, 0xe0, 0x12, 0xe8, 0xff, 0xef,
  0xfc, 0xf7, 0x00, 0x00, 0x04, 0x08, 0x01, 0x10, 0xee, 0x17, 0xc2, 0x1f,
  0x77, 0x27, 0x04, 0x2f, 0x61, 0x36, 0x88, 0x3d, 0x71, 0x44, 0x16, 0x4b,
  0x6e, 0x51, 0x75, 0x57, 0x24, 0x5d, 0x75, 0x62, 0x63, 0x67, 0xe9, 0x6b,
  0x03, 0x70, 0xac, 0x73, 0xe1, 0x76, 0x9e, 0x79, 0xe1, 0x7b, 0xa7, 0x7d,
  0xee, 0x7e, 0xb7, 0x7f, 0xfe, 0x7f, 0xc5, 0x7f, 0x0c, 0x7f, 0xd2, 0x7d,
  0x1a, 0x7c, 0xe6, 0x79, 0x36, 0x77, 0x0f, 0x74, 0x73, 0x70, 0x66, 0x6c,
  0xec, 0x67, 0x0a, 0x63, 0xc4, 0x5d, 0x1f, 0x58, 0x22, 0x52, 0xd2, 0x4b,
  0x36, 0x45, 0x55, 0x3e, 0x34, 0x37, 0xdd, 0x2f, 0x55, 0x28, 0xa4, 0x20,
  0xd3, 0x18, 0xe9, 0x10, 0xed, 0x08, 0xe9, 0x00, 0xe5, 0xf8, 0xe7, 0xf0,
  0xf8, 0xe8, 0x20, 0xe1, 0x67, 0xd9, 0xd6, 0xd1, 0x72, 0xca, 0x45, 0xc3,
  0x54, 0xbc, 0xa8, 0xb5, 0x46, 0xaf, 0x36, 0xa9, 0x7d, 0xa3, 0x21, 0x9e,
  0x27, 0x99, 0x95, 0x94, 0x6f, 0x90, 0xb9, 0x8c, 0x77, 0x89, 0xac, 0x86,
  0x5b, 0x84, 0x87, 0x82, 0x30, 0x81, 0x5a, 0x80, 0x03, 0x80, 0x2e, 0x80,
  0xd9, 0x80, 0x04, 0x82, 0xad, 0x83, 0xd4, 0x85, 0x75, 0x88, 0x8f, 0x8b,
  0x1e, 0x8f, 0x1e, 0x93, 0x8c, 0x97, 0x63, 0x9c, 0x9e, 0xa1, 0x38, 0xa7,
  0x2c, 0xad, 0x72, 0xb3, 0x06, 0xba, 0xe0, 0xc0, 0xf9, 0xc7, 0x4b, 0xcf,
  0xce, 0xd6, 0x7a, 0xde, 0x48, 0xe6, 0x30, 0xee, 0x2a, 0xf6, 0x2e, 0xfe,
  0x32, 0x06, 0x31, 0x0e, 0x22, 0x16, 0xfd, 0x1d, 0xba, 0x25, 0x50, 0x2d,
  0xb9, 0x34, 0xed, 0x3b, 0xe5, 0x42, 0x9a, 0x49, 0x04, 0x50, 0x1e, 0x56,
  0xe1, 0x5b, 0x48, 0x61, 0x4d, 0x66, 0xec, 0x6a, 0x1e, 0x6f, 0xe1, 0x72,
  0x31, 0x76, 0x09, 0x79, 0x68, 0x7b, 0x4b, 0x7d, 0xaf, 0x7e, 0x94, 0x7f,
  0xf9, 0x7f, 0xde, 0x7f, 0x41, 0x7f, 0x25, 0x7e, 0x89, 0x7c, 0x71, 0x7a,
  0xdd, 0x77, 0xd1, 0x74, 0x4f, 0x71, 0x5c, 0x6d, 0xfa, 0x68, 0x2f, 0x64,
  0xff, 0x5e, 0x6f, 0x59, 0x86, 0x53, 0x48, 0x4d, 0xbd, 0x46, 0xeb, 0x3f,
  0xd8, 0x38, 0x8c, 0x31, 0x0f, 0x2a, 0x67, 0x22, 0x9c, 0x1a, 0xb7, 0x12,
  0xbf, 0x0a, 0xbc, 0x02, 0xb7, 0xfa, 0xb7, 0xf2, 0xc4, 0xea, 0xe6, 0xe2,
  0x26, 0xdb, 0x8a, 0xd3, 0x1c, 0xcc, 0xe1, 0xc4, 0xe2, 0xbd, 0x26, 0xb7,
  0xb3, 0xb0, 0x8f, 0xaa, 0xc2, 0xa4, 0x50, 0x9f, 0x3f, 0x9a, 0x95, 0x95,
  0x56, 0x91, 0x86, 0x8d, 0x2a, 0x8a, 0x44, 0x87, 0xd7, 0x84, 0xe6, 0x82,
  0x73, 0x81, 0x7f, 0x80, 0x0c, 0x80, 0x19, 0x80, 0xa7, 0x80, 0xb5, 0x81,
  0x41, 0x83, 0x4c, 0x85, 0xd2, 0x87, 0xd0, 0x8a, 0x45, 0x8e, 0x2c, 0x92,
  0x81, 0x96, 0x41, 0x9b, 0x65, 0xa0, 0xea, 0xa5, 0xca, 0xab, 0xfe, 0xb1,
  0x81, 0xb8, 0x4b, 0xbf, 0x57, 0xc6, 0x9d, 0xcd, 0x15, 0xd5, 0xb9, 0xdc,
  0x80, 0xe4, 0x62, 0xec, 0x59, 0xf4, 0x5b, 0xfc, 0x60, 0x04, 0x61, 0x0c,
  0x56, 0x14, 0x37, 0x1c, 0xfb, 0x23, 0x9b, 0x2b, 0x0f, 0x33, 0x4f, 0x3a,
  0x55, 0x41, 0x1a, 0x48, 0x96, 0x4e, 0xc2, 0x54, 0x9a, 0x5a, 0x16, 0x60,
  0x32, 0x65, 0xe8, 0x69, 0x34, 0x6e, 0x10, 0x72, 0x7a, 0x75, 0x6e, 0x78,
  0xe9, 0x7a, 0xe8, 0x7c, 0x69, 0x7e, 0x6c, 0x7f, 0xee, 0x7f, 0xef, 0x7f,
  0x70, 0x7f, 0x71, 0x7e, 0xf2, 0x7c, 0xf6, 0x7a, 0x7e, 0x78, 0x8d, 0x75,
  0x26, 0x72, 0x4b, 0x6e, 0x02, 0x6a, 0x4f, 0x65, 0x35, 0x60, 0xbb, 0x5a,
  0xe5, 0x54, 0xba, 0x4e, 0x40, 0x48, 0x7e, 0x41, 0x79, 0x3a, 0x39, 0x33,
  0xc6, 0x2b, 0x27, 0x24, 0x64, 0x1c, 0x84, 0x14, 0x90, 0x0c, 0x8e, 0x04,
  0x8a, 0xfc, 0x87, 0xf4, 0x91, 0xec, 0xad, 0xe4, 0xe6, 0xdc, 0x41, 0xd5,
  0xc8, 0xcd, 0x81, 0xc6, 0x74, 0xbf, 0xa8, 0xb8, 0x23, 0xb2, 0xed, 0xab,
  0x0b, 0xa6, 0x84, 0xa0, 0x5d, 0x9b, 0x9c, 0x96, 0x44, 0x92, 0x5a, 0x8e,
  0xe3, 0x8a, 0xe2, 0x87, 0x59, 0x85, 0x4c, 0x83, 0xbc, 0x81, 0xab, 0x80,
  0x1b, 0x80, 0x0b, 0x80, 0x7b, 0x80, 0x6c, 0x81, 0xdc, 0x82, 0xca, 0x84,
  0x34, 0x87, 0x18, 0x8a, 0x72, 0x8d, 0x3f, 0x91, 0x7b, 0x95, 0x23, 0x9a,
  0x31, 0x9f, 0xa1, 0xa4, 0x6c, 0xaa, 0x8e, 0xb0, 0xff, 0xb6, 0xba, 0xbd,
  0xb8, 0xc4, 0xf1, 0xcb, 0x5e, 0xd3, 0xf9, 0xda, 0xb8, 0xe2, 0x96, 0xea,
  0x88, 0xf2, 0x88, 0xfa, 0x8d, 0x02, 0x90, 0x0a, 0x89, 0x12, 0x6e, 0x1a,
  0x3a, 0x22, 0xe3, 0x29, 0x61, 0x31, 0xae, 0x38, 0xc2, 0x3f, 0x96, 0x46,
  0x23, 0x4d, 0x62, 0x53, 0x4e, 0x59, 0xe0, 0x5e, 0x12, 0x64, 0xdf, 0x68,
  0x43, 0x6d, 0x3a, 0x71, 0xbe, 0x74, 0xcd, 0x77, 0x63, 0x7a, 0x7f, 0x7c,
  0x1d, 0x7e, 0x3c, 0x7f, 0xdb, 0x7f, 0xfa, 0x7f, 0x98, 0x7f, 0xb6, 0x7e,
  0x54, 0x7d, 0x74, 0x7b, 0x18, 0x79, 0x42, 0x76, 0xf6, 0x72, 0x35, 0x6f,
  0x05, 0x6b, 0x69, 0x66, 0x67, 0x61, 0x02, 0x5c, 0x41, 0x56, 0x29, 0x50,
  0xc0, 0x49, 0x0d, 0x43, 0x17, 0x3c, 0xe4, 0x34, 0x7c, 0x2d, 0xe6, 0x25,
  0x2b, 0x1e, 0x50, 0x16, 0x60, 0x0e, 0x61, 0x06, 0x5c, 0xfe, 0x59, 0xf6,
  0x5e, 0xee, 0x76, 0xe6, 0xa7, 0xde, 0xfa, 0xd6, 0x76, 0xcf, 0x23, 0xc8,
  0x08, 0xc1, 0x2d, 0xba, 0x98, 0xb3, 0x4f, 0xad, 0x5a, 0xa7, 0xbe, 0xa1,
  0x80, 0x9c, 0xa7, 0x97, 0x37, 0x93, 0x34, 0x8f, 0xa2, 0x8b, 0x86, 0x88,
  0xe2, 0x85, 0xb8, 0x83, 0x0c, 0x82, 0xde, 0x80, 0x30, 0x80, 0x03, 0x80,
  0x56, 0x80, 0x2a, 0x81, 0x7d, 0x82, 0x4f, 0x84, 0x9d, 0x86, 0x65, 0x89,
  0xa4, 0x8c, 0x58, 0x90, 0x7b, 0x94, 0x0b, 0x99, 0x03, 0x9e, 0x5c, 0xa3,
  0x14, 0xa9, 0x22, 0xaf, 0x82, 0xb5, 0x2d, 0xbc, 0x1c, 0xc3, 0x48, 0xca,
  0xaa, 0xd1, 0x3b, 0xd9, 0xf3, 0xe0, 0xca, 0xe8, 0xb8, 0xf0, 0xb6, 0xf8,
  0xba, 0x00, 0xbf, 0x08, 0xba, 0x10, 0xa5, 0x18, 0x77, 0x20, 0x28, 0x28,
  0xb1, 0x2f, 0x0a, 0x37, 0x2c, 0x3e, 0x0f, 0x45, 0xad, 0x4b, 0xfe, 0x51,
  0xfd, 0x57, 0xa4, 0x5d, 0xec, 0x62, 0xd1, 0x67, 0x4d, 0x6c, 0x5d, 0x70,
  0xfc, 0x73, 0x25, 0x77, 0xd7, 0x79, 0x0f, 0x7c, 0xca, 0x7d, 0x06, 0x7f,
  0xc2, 0x7f, 0xfe, 0x7f, 0xba, 0x7f, 0xf4, 0x7e, 0xb0, 0x7d, 0xec, 0x7b,
  0xac, 0x79, 0xf2, 0x76, 0xc0, 0x73, 0x1a, 0x70, 0x03, 0x6c, 0x7f, 0x67,
  0x93, 0x62, 0x44, 0x5d, 0x97, 0x57, 0x92, 0x51, 0x3b, 0x4b, 0x99, 0x44,
  0xb1, 0x3d, 0x8c, 0x36, 0x2f, 0x2f, 0xa3, 0x27, 0xef, 0x1f, 0x1c, 0x18,
  0x2f, 0x10, 0x33, 0x08, 0x2e, 0x00, 0x2a, 0xf8, 0x2d, 0xf0, 0x40, 0xe8,
  0x6b, 0xe0, 0xb6, 0xd8, 0x28, 0xd1, 0xc9, 0xc9, 0xa1, 0xc2, 0xb6, 0xbb,
  0x10, 0xb5, 0xb6, 0xae, 0xad, 0xa8, 0xfc, 0xa2, 0xa9, 0x9d, 0xb8, 0x98,
  0x30, 0x94, 0x13, 0x90, 0x68, 0x8c, 0x31, 0x89, 0x71, 0x86, 0x2b, 0x84,
  0x62, 0x82, 0x18, 0x81, 0x4d, 0x80, 0x02, 0x80, 0x38, 0x80, 0xef, 0x80,
  0x25, 0x82, 0xda, 0x83, 0x0c, 0x86, 0xb9, 0x88, 0xdd, 0x8b, 0x76, 0x8f,
  0x81, 0x93, 0xf9, 0x97, 0xd9, 0x9c, 0x1d, 0xa2, 0xbf, 0xa7, 0xba, 0xad,
  0x08, 0xb4, 0xa2, 0xba, 0x83, 0xc1, 0xa2, 0xc8, 0xf8, 0xcf, 0x7f, 0xd7,
  0x2f, 0xdf, 0xff, 0xe6, 0xe9, 0xee, 0xe4, 0xf6, 0xe8, 0xfe, 0xed, 0x06,
  0xeb, 0x0e, 0xda, 0x16, 0xb3, 0x1e, 0x6c, 0x26, 0xff, 0x2d, 0x63, 0x35,
  0x92, 0x3c, 0x84, 0x43, 0x32, 0x4a, 0x96, 0x50, 0xa8, 0x56, 0x63, 0x5c,
  0xc1, 0x61, 0xbd, 0x66, 0x52, 0x6b, 0x7b, 0x6f, 0x33, 0x73, 0x78, 0x76,
  0x45, 0x79, 0x99, 0x7b, 0x70, 0x7d, 0xc9, 0x7e, 0xa3, 0x7f, 0xfc, 0x7f,
  0xd5, 0x7f, 0x2d, 0x7f, 0x05, 0x7e, 0x5e, 0x7c, 0x3a, 0x7a, 0x9b, 0x77,
  0x84, 0x74, 0xf8, 0x70, 0xfa, 0x6c, 0x8f, 0x68, 0xba, 0x63, 0x81, 0x5e,
  0xe9, 0x58, 0xf8, 0x52, 0xb3, 0x4c, 0x21, 0x46, 0x49, 0x3f, 0x31, 0x38,
  0xe0, 0x30, 0x5e, 0x29, 0xb3, 0x21, 0xe5, 0x19, 0xfe, 0x11, 0x05, 0x0a,
  0x01, 0x02, 0xfc, 0xf9, 0xfd, 0xf1, 0x0c, 0xea, 0x30, 0xe2, 0x73, 0xda,
  0xdb, 0xd2, 0x71, 0xcb, 0x3c, 0xc4, 0x43, 0xbd, 0x8d, 0xb6, 0x20, 0xb0,
  0x05, 0xaa, 0x3f, 0xa4, 0xd6, 0x9e, 0xcf, 0x99, 0x2e, 0x95, 0xf9, 0x90,
  0x33, 0x8d, 0xe1, 0x89, 0x06, 0x87, 0xa5, 0x84, 0xbf, 0x82, 0x58, 0x81,
  0x6f, 0x80, 0x08, 0x80, 0x20, 0x80, 0xba, 0x80, 0xd3, 0x81, 0x6c, 0x83,
  0x81, 0x85, 0x12, 0x88, 0x1c, 0x8b, 0x9b, 0x8e, 0x8c, 0x92, 0xeb, 0x96,
  0xb4, 0x9b, 0xe2, 0xa0, 0x6f, 0xa6, 0x57, 0xac, 0x92, 0xb2, 0x1c, 0xb9,
  0xed, 0xbf, 0xfe, 0xc6, 0x49, 0xce, 0xc5, 0xd5, 0x6c, 0xdd, 0x36, 0xe5,
  0x1b, 0xed, 0x13, 0xf5, 0x16, 0xfd, 0x1a, 0x05, 0x1b, 0x0d, 0x0e, 0x15,
  0xed, 0x1c, 0xae, 0x24, 0x4a, 0x2c, 0xba, 0x33, 0xf5, 0x3a, 0xf6, 0x41,
  0xb4, 0x48, 0x29, 0x4f, 0x4e, 0x55, 0x1e, 0x5b, 0x91, 0x60, 0xa4, 0x65,
  0x51, 0x6a, 0x92, 0x6e, 0x65, 0x72, 0xc4, 0x75, 0xad, 0x78, 0x1c, 0x7b,
  0x10, 0x7d, 0x86, 0x7e, 0x7d, 0x7f, 0xf3, 0x7f, 0xe9, 0x7f, 0x5e, 0x7f,
  0x53, 0x7e, 0xc9, 0x7c, 0xc1, 0x7a, 0x3e, 0x78, 0x42, 0x75, 0xd1, 0x71,
  0xec, 0x6d, 0x99, 0x69, 0xdc, 0x64, 0xba, 0x5f, 0x37, 0x5a, 0x59, 0x54,
  0x27, 0x4e, 0xa6, 0x47, 0xdd, 0x40, 0xd3, 0x39, 0x8e, 0x32, 0x17, 0x2b,
  0x74, 0x23, 0xae, 0x1b, 0xcc, 0x13, 0xd6, 0x0b, 0xd4, 0x03, 0xcf, 0xfb,
  0xcd, 0xf3, 0xd8, 0xeb, 0xf7, 0xe3, 0x32, 0xdc, 0x91, 0xd4, 0x1c, 0xcd,
  0xda, 0xc5, 0xd3, 0xbe, 0x0d, 0xb8, 0x8f, 0xb1, 0x61, 0xab, 0x87, 0xa5,
  0x08, 0xa0, 0xea, 0x9a, 0x32, 0x96, 0xe4, 0x91, 0x05, 0x8e, 0x98, 0x8a,
  0xa2, 0x87, 0x24, 0x85, 0x22, 0x83, 0x9e, 0x81, 0x99, 0x80, 0x14, 0x80,
  0x0f, 0x80, 0x8c, 0x80, 0x88, 0x81, 0x04, 0x83, 0xfd, 0x84, 0x72, 0x87,
  0x61, 0x8a, 0xc5, 0x8d, 0x9d, 0x91, 0xe3, 0x95, 0x95, 0x9a, 0xac, 0x9f,
  0x24, 0xa5, 0xf8, 0xaa, 0x21, 0xb1, 0x99, 0xb7, 0x5a, 0xbe, 0x5e, 0xc5,
  0x9c, 0xcc, 0x0e, 0xd4, 0xac, 0xdb, 0x6e, 0xe3, 0x4e, 0xeb, 0x42, 0xf3,
  0x43, 0xfb, 0x48, 0x03, 0x4a, 0x0b, 0x41, 0x13, 0x25, 0x1b, 0xee, 0x22,
  0x93, 0x2a, 0x0d, 0x32, 0x55, 0x39, 0x64, 0x40, 0x32, 0x47, 0xb8, 0x4d,
  0xf0, 0x53, 0xd3, 0x59, 0x5d, 0x5f, 0x86, 0x64, 0x4a, 0x69, 0xa4, 0x6d,
  0x90, 0x71, 0x0a, 0x75, 0x0e, 0x78, 0x99, 0x7a, 0xaa, 0x7c, 0x3c, 0x7e,
  0x50, 0x7f, 0xe3, 0x7f, 0xf7, 0x7f, 0x89, 0x7f, 0x9b, 0x7e, 0x2e, 0x7d,
  0x42, 0x7b, 0xdb, 0x78, 0xfb, 0x75, 0xa3, 0x72, 0xd9, 0x6e, 0x9e, 0x6a,
  0xf9, 0x65, 0xed, 0x60, 0x80, 0x5b, 0xb6, 0x55, 0x97, 0x4f, 0x27, 0x49,
  0x6e, 0x42, 0x72, 0x3b, 0x3a, 0x34, 0xcd, 0x2c, 0x34, 0x25, 0x75, 0x1d,
  0x98, 0x15, 0xa6, 0x0d, 0xa6, 0x05, 0xa2, 0xfd, 0x9e, 0xf5, 0xa6, 0xed,
  0xbf, 0xe5, 0xf3, 0xdd, 0x4a, 0xd6, 0xca, 0xce, 0x7c, 0xc7, 0x66, 0xc0,
  0x91, 0xb9, 0x02, 0xb3, 0xc1, 0xac, 0xd4, 0xa6, 0x40, 0xa1, 0x0b, 0x9c,
  0x3b, 0x97, 0xd5, 0x92, 0xdc, 0x8e, 0x55, 0x8b, 0x44, 0x88, 0xaa, 0x85,
  0x8c, 0x83, 0xeb, 0x81, 0xc9, 0x80, 0x27, 0x80, 0x05, 0x80, 0x64, 0x80,
  0x44, 0x81, 0xa3, 0x82, 0x7f, 0x84, 0xd9, 0x86, 0xac, 0x89, 0xf6, 0x8c,
  0xb3, 0x90, 0xe1, 0x94, 0x7b, 0x99, 0x7b, 0x9e, 0xde, 0xa3, 0x9d, 0xa9,
  0xb3, 0xaf, 0x1a, 0xb6, 0xcb, 0xbc, 0xc0, 0xc3, 0xf2, 0xca, 0x58, 0xd2,
  0xed, 0xd9, 0xa8, 0xe1, 0x82, 0xe9, 0x72, 0xf1, 0x71, 0xf9, 0x75, 0x01,
  0x79, 0x09, 0x73, 0x11, 0x5c, 0x19, 0x2b, 0x21, 0xd9, 0x28, 0x5e, 0x30,
  0xb3, 0x37, 0xcf, 0x3e, 0xac, 0x45, 0x43, 0x4c, 0x8d, 0x52, 0x84, 0x58,
  0x23, 0x5e, 0x62, 0x63, 0x3e, 0x68, 0xb1, 0x6c, 0xb6, 0x70, 0x4a, 0x74,
  0x69, 0x77, 0x10, 0x7a, 0x3c, 0x7c, 0xec, 0x7d, 0x1c, 0x7f, 0xcd, 0x7f,
  0xfd, 0x7f, 0xad, 0x7f, 0xdc, 0x7e, 0x8c, 0x7d, 0xbd, 0x7b, 0x72, 0x79,
  0xad, 0x76, 0x70, 0x73, 0xbf, 0x6f, 0x9e, 0x6b, 0x11, 0x67, 0x1b, 0x62,
  0xc4, 0x5c, 0x0f, 0x57, 0x02, 0x51, 0xa4, 0x4a, 0xfb, 0x43, 0x0d, 0x3d,
  0xe3, 0x35, 0x81, 0x2e, 0xf2, 0x26, 0x3a, 0x1f, 0x64, 0x17, 0x76, 0x0f,
  0x78, 0x07, 0x74, 0xff, 0x70, 0xf7, 0x74, 0xef, 0x89, 0xe7, 0xb6, 0xdf,
  0x04, 0xd8, 0x7a, 0xd0, 0x20, 0xc9, 0xfd, 0xc1, 0x18, 0xbb, 0x79, 0xb4,
  0x26, 0xae, 0x25, 0xa8, 0x7c, 0xa2, 0x32, 0x9d, 0x4a, 0x98, 0xcb, 0x93,
  0xb9, 0x8f, 0x18, 0x8c, 0xec, 0x88, 0x37, 0x86, 0xfd, 0x83, 0x3f, 0x82,
  0x00, 0x81, 0x40, 0x80, 0x02, 0x80, 0x43, 0x80, 0x06, 0x81, 0x48, 0x82,
  0x08, 0x84, 0x45, 0x86, 0xfd, 0x88, 0x2c, 0x8c, 0xd0, 0x8f, 0xe4, 0x93,
  0x66, 0x98, 0x4f, 0x9d, 0x9c, 0xa2, 0x47, 0xa8, 0x4a, 0xae, 0x9f, 0xb4,
  0x40, 0xbb, 0x26, 0xc2, 0x4a, 0xc9, 0xa5, 0xd0, 0x30, 0xd8, 0xe3, 0xdf,
  0xb7, 0xe7, 0xa2, 0xef, 0x9f, 0xf7, 0xa3, 0xff, 0xa7, 0x07, 0xa4, 0x0f,
  0x92, 0x17, 0x68, 0x1f, 0x1e, 0x27, 0xad, 0x2e, 0x0d, 0x36, 0x36, 0x3d,
  0x22, 0x44, 0xca, 0x4a, 0x26, 0x51, 0x31, 0x57, 0xe4, 0x5c, 0x39, 0x62,
  0x2c, 0x67, 0xb7, 0x6b, 0xd6, 0x6f, 0x84, 0x73, 0xbe, 0x76, 0x81, 0x79,
  0xc9, 0x7b, 0x95, 0x7d, 0xe2, 0x7e, 0xb0, 0x7f, 0xfe, 0x7f, 0xcb, 0x7f,
  0x17, 0x7f, 0xe3, 0x7d, 0x31, 0x7c, 0x02, 0x7a, 0x58, 0x77, 0x37, 0x74,
  0xa0, 0x70, 0x98, 0x6c, 0x23, 0x68, 0x45, 0x63, 0x03, 0x5e, 0x63, 0x58,
  0x69, 0x52, 0x1d, 0x4c, 0x85, 0x45, 0xa6, 0x3e, 0x89, 0x37, 0x33, 0x30,
  0xad, 0x28, 0xfe, 0x20, 0x2e, 0x19, 0x45, 0x11, 0x4a, 0x09, 0x46, 0x01,
  0x42, 0xf9, 0x43, 0xf1, 0x54, 0xe9, 0x7b, 0xe1, 0xc1, 0xd9, 0x2d, 0xd2,
  0xc7, 0xca, 0x97, 0xc3, 0xa4, 0xbc, 0xf4, 0xb5, 0x8f, 0xaf, 0x7b, 0xa9,
  0xbd, 0xa3, 0x5d, 0x9e, 0x5f, 0x99, 0xc8, 0x94, 0x9c, 0x90, 0xe1, 0x8c,
  0x9a, 0x89, 0xca, 0x86, 0x73, 0x84, 0x99, 0x82, 0x3d, 0x81, 0x61, 0x80,
  0x05, 0x80, 0x29, 0x80, 0xce, 0x80, 0xf3, 0x81, 0x97, 0x83, 0xb8, 0x85,
  0x54, 0x88, 0x68, 0x8b, 0xf2, 0x8e, 0xed, 0x92, 0x56, 0x97, 0x29, 0x9c,
  0x5f, 0xa1, 0xf5, 0xa6, 0xe4, 0xac, 0x27, 0xb3, 0xb8, 0xb9, 0x8f, 0xc0,
  0xa5, 0xc7, 0xf5, 0xce, 0x76, 0xd6, 0x20, 0xde, 0xed, 0xe5, 0xd4, 0xed,
  0xcd, 0xf5, 0xd0, 0xfd, 0xd5, 0x05, 0xd5, 0x0d, 0xc6, 0x15, 0xa2, 0x1d,
  0x60, 0x25, 0xf9, 0x2c, 0x64, 0x34, 0x9b, 0x3b, 0x96, 0x42, 0x4d, 0x49,
  0xbb, 0x4f, 0xd9, 0x55, 0xa0, 0x5b, 0x0c, 0x61, 0x15, 0x66, 0xb8, 0x6a,
  0xf0, 0x6e, 0xb8, 0x72, 0x0d, 0x76, 0xeb, 0x78, 0x4f, 0x7b, 0x37, 0x7d,
  0xa2, 0x7e, 0x8d, 0x7f, 0xf8, 0x7f, 0xe2, 0x7f, 0x4b, 0x7f, 0x34, 0x7e,
  0x9f, 0x7c, 0x8c, 0x7a, 0xfe, 0x77, 0xf7, 0x74, 0x7b, 0x71, 0x8c, 0x6d,
  0x2f, 0x69, 0x69, 0x64, 0x3d, 0x5f, 0xb2, 0x59, 0xcd, 0x53, 0x93, 0x4d,
  0x0b, 0x47, 0x3c, 0x40, 0x2c, 0x39, 0xe2, 0x31, 0x67, 0x2a, 0xc1, 0x22,
  0xf7, 0x1a, 0x13, 0x13, 0x1c, 0x0b, 0x19, 0x03, 0x14, 0xfb, 0x14, 0xf3,
  0x20, 0xeb, 0x41, 0xe3, 0x7f, 0xdb, 0xe2, 0xd3, 0x71, 0xcc, 0x34, 0xc5,
  0x32, 0xbe, 0x73, 0xb7, 0xfc, 0xb0, 0xd5, 0xaa, 0x03, 0xa5, 0x8d, 0x9f,
  0x78, 0x9a, 0xc9, 0x95, 0x85, 0x91, 0xb0, 0x8d, 0x4e, 0x8a, 0x63, 0x87,
  0xf0, 0x84, 0xfa, 0x82, 0x81, 0x81, 0x88, 0x80, 0x0e, 0x80, 0x15, 0x80,
  0x9d, 0x80, 0xa6, 0x81, 0x2d, 0x83, 0x31, 0x85, 0xb2, 0x87, 0xab, 0x8a,
  0x1a, 0x8e, 0xfc, 0x91, 0x4c, 0x96, 0x07, 0x9b, 0x27, 0xa0, 0xa8, 0xa5,
  0x84, 0xab, 0xb4, 0xb1, 0x33, 0xb8, 0xfb, 0xbe, 0x04, 0xc6, 0x47, 0xcd,
  0xbd, 0xd4, 0x5f, 0xdc, 0x25, 0xe4, 0x06, 0xec, 0xfc, 0xf3, 0xfe, 0xfb,
  0x02, 0x04, 0x04, 0x0c, 0xfa, 0x13, 0xdb, 0x1b, 0xa1, 0x23, 0x43, 0x2b,
  0xb9, 0x32, 0xfc, 0x39, 0x05, 0x41, 0xcd, 0x47, 0x4c, 0x4e, 0x7c, 0x54,
  0x58, 0x5a, 0xd9, 0x5f, 0xf9, 0x64, 0xb4, 0x69, 0x04, 0x6e, 0xe6, 0x71,
  0x55, 0x75, 0x4e, 0x78, 0xcf, 0x7a, 0xd3, 0x7c, 0x5a, 0x7e, 0x63, 0x7f,
  0xeb, 0x7f, 0xf2, 0x7f, 0x78, 0x7f, 0x7f, 0x7e, 0x06, 0x7d, 0x10, 0x7b,
  0x9d, 0x78, 0xb2, 0x75, 0x50, 0x72, 0x7b, 0x6e, 0x37, 0x6a, 0x88, 0x65,
  0x73, 0x60, 0xfd, 0x5a, 0x2b, 0x55, 0x04, 0x4f, 0x8d, 0x48, 0xce, 0x41,
  0xcc, 0x3a, 0x8f, 0x33, 0x1e, 0x2c, 0x81, 0x24, 0xbf, 0x1c, 0xe0, 0x14,
  0xec, 0x0c, 0xec, 0x04, 0xe7, 0xfc, 0xe4, 0xf4, 0xed, 0xec, 0x09, 0xe5,
  0x3f, 0xdd, 0x99, 0xd5, 0x1e, 0xce, 0xd4, 0xc6, 0xc4, 0xbf, 0xf5, 0xb8,
  0x6d, 0xb2, 0x33, 0xac, 0x4e, 0xa6, 0xc3, 0xa0, 0x97, 0x9b, 0xd1, 0x96,
  0x74, 0x92, 0x85, 0x8e, 0x09, 0x8b, 0x02, 0x88, 0x74, 0x85, 0x61, 0x83,
  0xcc, 0x81, 0xb5, 0x80, 0x1e, 0x80, 0x08, 0x80, 0x73, 0x80, 0x5e, 0x81,
  0xc9, 0x82, 0xb1, 0x84, 0x15, 0x87, 0xf3, 0x89, 0x48, 0x8d, 0x10, 0x91,
  0x48, 0x95, 0xeb, 0x99, 0xf4, 0x9e, 0x60, 0xa4, 0x27, 0xaa, 0x45, 0xb0,
  0xb3, 0xb6, 0x6a, 0xbd, 0x65, 0xc4, 0x9c, 0xcb, 0x07, 0xd3, 0xa0, 0xda,
  0x5e, 0xe2, 0x3a, 0xea, 0x2b, 0xf2, 0x2b, 0xfa, 0x30, 0x02, 0x33, 0x0a,
  0x2c, 0x12, 0x13, 0x1a, 0xe0, 0x21, 0x8a, 0x29, 0x0b, 0x31, 0x5b, 0x38,
  0x71, 0x3f, 0x48, 0x46, 0xd9, 0x4c, 0x1c, 0x53, 0x0b, 0x59, 0xa1, 0x5e,
  0xd7, 0x63, 0xaa, 0x68, 0x13, 0x6d, 0x0e, 0x71, 0x98, 0x74, 0xac, 0x77,
  0x48, 0x7a, 0x69, 0x7c, 0x0d, 0x7e, 0x32, 0x7f, 0xd7, 0x7f, 0xfb, 0x7f,
  0x9f, 0x7f, 0xc3, 0x7e, 0x67, 0x7d, 0x8d, 0x7b, 0x36, 0x79, 0x66, 0x76,
  0x1f, 0x73, 0x64, 0x6f, 0x38, 0x6b, 0xa1, 0x66, 0xa3, 0x61, 0x43, 0x5c,
  0x85, 0x56, 0x71, 0x50, 0x0c, 0x4a, 0x5c, 0x43, 0x69, 0x3c, 0x39, 0x35,
  0xd3, 0x2d, 0x3f, 0x26, 0x85, 0x1e, 0xac, 0x16, 0xbd, 0x0e, 0xbe, 0x06,
  0xba, 0xfe, 0xb6, 0xf6, 0xbb, 0xee, 0xd2, 0xe6, 0x02, 0xdf, 0x53, 0xd7,
  0xcd, 0xcf, 0x77, 0xc8, 0x5a, 0xc1, 0x7b, 0xba, 0xe3, 0xb3, 0x97, 0xad,
  0x9d, 0xa7, 0xfd, 0xa1, 0xbb, 0x9c, 0xdd, 0x97, 0x68, 0x93, 0x60, 0x8f,
  0xc9, 0x8b, 0xa8, 0x88, 0xfe, 0x85, 0xcf, 0x83, 0x1d, 0x82, 0xe9, 0x80,
  0x35, 0x80, 0x02, 0x80, 0x50, 0x80, 0x1e, 0x81, 0x6b, 0x82, 0x37, 0x84,
  0x7f, 0x86, 0x42, 0x89, 0x7c, 0x8c, 0x2a, 0x90, 0x49, 0x94, 0xd4, 0x98,
  0xc7, 0x9d, 0x1c, 0xa3, 0xcf, 0xa8, 0xda, 0xae, 0x36, 0xb5, 0xde, 0xbb,
  0xca, 0xc2, 0xf3, 0xc9, 0x53, 0xd1, 0xe2, 0xd8, 0x98, 0xe0, 0x6e, 0xe8,
  0x5c, 0xf0, 0x59, 0xf8, 0x5d, 0x00, 0x61, 0x08, 0x5e, 0x10, 0x49, 0x18,
  0x1d, 0x20, 0xd0, 0x27, 0x5b, 0x2f, 0xb6, 0x36, 0xda, 0x3d, 0xc0, 0x44,
  0x61, 0x4b, 0xb6, 0x51, 0xb9, 0x57, 0x64, 0x5d, 0xb1, 0x62, 0x9a, 0x67,
  0x1c, 0x6c, 0x30, 0x70, 0xd4, 0x73, 0x03, 0x77, 0xbb, 0x79, 0xf8, 0x7b,
  0xb8, 0x7d, 0xfa, 0x7e, 0xbd, 0x7f, 0xfe, 0x7f, 0xc0, 0x7f, 0x00, 0x7f,
  0xc1, 0x7d, 0x03, 0x7c, 0xc9, 0x79, 0x14, 0x77, 0xe8, 0x73, 0x47, 0x70,
  0x35, 0x6c, 0xb6, 0x67, 0xce, 0x62, 0x84, 0x5d, 0xdb, 0x57, 0xda, 0x51,
  0x87, 0x4b, 0xe8, 0x44, 0x03, 0x3e, 0xe0, 0x36, 0x86, 0x2f, 0xfc, 0x27,
  0x4a, 0x20, 0x77, 0x18, 0x8c, 0x10, 0x90, 0x08, 0x8c, 0x00, 0x88, 0xf8,
  0x8a, 0xf0, 0x9c, 0xe8, 0xc6, 0xe0, 0x0e, 0xd9, 0x7f, 0xd1, 0x1d, 0xca,
  0xf3, 0xc2, 0x05, 0xbc, 0x5c, 0xb5, 0xfe, 0xae, 0xf1, 0xa8, 0x3c, 0xa3,
  0xe5, 0x9d, 0xef, 0x98, 0x62, 0x94, 0x41, 0x90, 0x90, 0x8c, 0x53, 0x89,
  0x8e, 0x86, 0x43, 0x84, 0x74, 0x82, 0x24, 0x81, 0x53, 0x80, 0x03, 0x80,
  0x33, 0x80, 0xe4, 0x80, 0x14, 0x82, 0xc4, 0x83, 0xf0, 0x85, 0x97, 0x88,
  0xb6, 0x8b, 0x4a, 0x8f, 0x4f, 0x93, 0xc2, 0x97, 0x9e, 0x9c, 0xdd, 0xa1,
  0x7c, 0xa7, 0x73, 0xad, 0xbd, 0xb3, 0x54, 0xba, 0x31, 0xc1, 0x4d, 0xc8,
  0xa2, 0xcf, 0x27, 0xd7, 0xd5, 0xde, 0xa4, 0xe6, 0x8d, 0xee, 0x87, 0xf6,
  0x8b, 0xfe, 0x8f, 0x06, 0x8e, 0x0e, 0x7e, 0x16, 0x58, 0x1e, 0x13, 0x26,
  0xa8, 0x2d, 0x0e, 0x35, 0x40, 0x3c, 0x35, 0x43, 0xe6, 0x49, 0x4d, 0x50,
  0x63, 0x56, 0x22, 0x5c, 0x85, 0x61, 0x85, 0x66, 0x1f, 0x6b, 0x4d, 0x6f,
  0x0a, 0x73, 0x54, 0x76, 0x27, 0x79, 0x81, 0x7b, 0x5d, 0x7d, 0xbc, 0x7e,
  0x9c, 0x7f, 0xfb, 0x7f, 0xd9, 0x7f, 0x37, 0x7f, 0x15, 0x7e, 0x74, 0x7c,
  0x56, 0x7a, 0xbc, 0x77, 0xab, 0x74, 0x24, 0x71, 0x2b, 0x6d, 0xc5, 0x68,
  0xf5, 0x63, 0xc0, 0x5e, 0x2c, 0x59, 0x3f, 0x53, 0xfe, 0x4c, 0x6f, 0x46,
  0x9a, 0x3f, 0x84, 0x38, 0x36, 0x31, 0xb6, 0x29, 0x0d, 0x22, 0x41, 0x1a,
  0x5a, 0x12, 0x62, 0x0a, 0x5e, 0x02, 0x5a, 0xfa, 0x5a, 0xf2, 0x68, 0xea,
  0x8b, 0xe2, 0xcc, 0xda, 0x33, 0xd3, 0xc6, 0xcb, 0x8e, 0xc4, 0x92, 0xbd,
  0xd9, 0xb6, 0x69, 0xb0, 0x4a, 0xaa, 0x80, 0xa4, 0x13, 0x9f, 0x07, 0x9a,
  0x62, 0x95, 0x27, 0x91, 0x5d, 0x8d, 0x05, 0x8a, 0x25, 0x87, 0xbe, 0x84,
  0xd2, 0x82, 0x65, 0x81, 0x77, 0x80, 0x09, 0x80, 0x1d, 0x80, 0xb0, 0x80,
  0xc4, 0x81, 0x56, 0x83, 0x67, 0x85, 0xf2, 0x87, 0xf6, 0x8a, 0x70, 0x8e,
  0x5c, 0x92, 0xb6, 0x96, 0x7a, 0x9b, 0xa3, 0xa0, 0x2d, 0xa6, 0x10, 0xac,
  0x48, 0xb2, 0xce, 0xb8, 0x9c, 0xbf, 0xab, 0xc6, 0xf3, 0xcd, 0x6d, 0xd5,
  0x12, 0xdd, 0xdb, 0xe4, 0xbf, 0xec, 0xb6, 0xf4, 0xb8, 0xfc, 0xbd, 0x04,
  0xbe, 0x0c, 0xb2, 0x14, 0x92, 0x1c, 0x54, 0x24, 0xf2, 0x2b, 0x64, 0x33,
  0xa2, 0x3a, 0xa6, 0x41, 0x67, 0x48, 0xdf, 0x4e, 0x08, 0x55, 0xdc, 0x5a,
  0x54, 0x60, 0x6b, 0x65, 0x1d, 0x6a, 0x63, 0x6e, 0x3b, 0x72, 0x9f, 0x75,
  0x8e, 0x78, 0x03, 0x7b, 0xfc, 0x7c, 0x78, 0x7e, 0x74, 0x7f, 0xf1, 0x7f,
  0xec, 0x7f, 0x67, 0x7f, 0x62, 0x7e, 0xde, 0x7c, 0xdc, 0x7a, 0x5e, 0x78,
  0x68, 0x75, 0xfb, 0x71, 0x1c, 0x6e, 0xce, 0x69, 0x16, 0x65, 0xf8, 0x5f,
  0x79, 0x5a, 0x9f, 0x54, 0x71, 0x4e, 0xf3, 0x47, 0x2d, 0x41, 0x26, 0x3a,
  0xe4, 0x32, 0x6f, 0x2b, 0xce, 0x23, 0x09, 0x1c, 0x28, 0x14, 0x33, 0x0c,
  0x31, 0x04, 0x2c, 0xfc, 0x2a, 0xf4, 0x34, 0xec, 0x52, 0xe4, 0x8c, 0xdc,
  0xe9, 0xd4, 0x72, 0xcd, 0x2d, 0xc6, 0x23, 0xbf, 0x5a, 0xb8, 0xd9, 0xb1,
  0xa7, 0xab, 0xc9, 0xa5, 0x46, 0xa0, 0x24, 0x9b, 0x67, 0x96, 0x14, 0x92,
  0x2f, 0x8e, 0xbe, 0x8a, 0xc2, 0x87, 0x3f, 0x85, 0x37, 0x83, 0xad, 0x81,
  0xa2, 0x80, 0x17, 0x80, 0x0d, 0x80, 0x83, 0x80, 0x7a, 0x81, 0xf0, 0x82,
  0xe4, 0x84, 0x53, 0x87, 0x3c, 0x8a, 0x9b, 0x8d, 0x6e, 0x91, 0xaf, 0x95,
  0x5c, 0x9a, 0x6f, 0x9f, 0xe2, 0xa4, 0xb2, 0xaa, 0xd7, 0xb0, 0x4c, 0xb7,
  0x0a, 0xbe, 0x0b, 0xc5, 0x46, 0xcc, 0xb6, 0xd3, 0x52, 0xdb, 0x13, 0xe3,
  0xf2, 0xea, 0xe5, 0xf2, 0xe6, 0xfa, 0xea, 0x02, 0xed, 0x0a, 0xe5, 0x12,
  0xca, 0x1a, 0x94, 0x22, 0x3b, 0x2a, 0xb7, 0x31, 0x02, 0x39, 0x13, 0x40,
  0xe4, 0x46, 0x6e, 0x4d, 0xa9, 0x53, 0x91, 0x59, 0x1e, 0x5f, 0x4c, 0x64,
  0x15, 0x69, 0x74, 0x6d, 0x65, 0x71, 0xe4, 0x74, 0xee, 0x77, 0x7f, 0x7a,
  0x94, 0x7c, 0x2d, 0x7e, 0x46, 0x7f, 0xe0, 0x7f, 0xf8, 0x7f, 0x91, 0x7f,
  0xa8, 0x7e, 0x41, 0x7d, 0x5b, 0x7b, 0xfa, 0x78, 0x1f, 0x76, 0xcd, 0x72,
  0x07, 0x6f, 0xd2, 0x6a, 0x31, 0x66, 0x2a, 0x61, 0xc1, 0x5b, 0xfb, 0x55,
  0xe0, 0x4f, 0x73, 0x49, 0xbd, 0x42, 0xc4, 0x3b, 0x8f, 0x34, 0x25, 0x2d,
  0x8d, 0x25, 0xd0, 0x1d, 0xf4, 0x15, 0x03, 0x0e, 0x04, 0x06, 0xff, 0xfd,
  0xfb, 0xf5, 0x02, 0xee, 0x1b, 0xe6, 0x4d, 0xde, 0xa2, 0xd6, 0x20, 0xcf,
  0xcf, 0xc7, 0xb7, 0xc0, 0xdf, 0xb9, 0x4d, 0xb3, 0x08, 0xad, 0x17, 0xa7,
  0x7f, 0xa1, 0x46, 0x9c, 0x71, 0x97, 0x06, 0x93, 0x08, 0x8f, 0x7c, 0x8b,
  0x65, 0x88, 0xc6, 0x85, 0xa2, 0x83, 0xfb, 0x81, 0xd3, 0x80, 0x2b, 0x80,
  0x04, 0x80, 0x5d, 0x80, 0x37, 0x81, 0x90, 0x82, 0x67, 0x84, 0xbb, 0x86,
  0x88, 0x89, 0xcd, 0x8c, 0x85, 0x90, 0xae, 0x94, 0x43, 0x99, 0x3f, 0x9e,
  0x9d, 0xa3, 0x58, 0xa9, 0x6a, 0xaf, 0xce, 0xb5, 0x7c, 0xbc, 0x6e, 0xc3,
  0x9d, 0xca, 0x01, 0xd2, 0x94, 0xd9, 0x4d, 0xe1, 0x26, 0xe9, 0x15, 0xf1,
  0x13, 0xf9, 0x18, 0x01, 0x1c, 0x09, 0x17, 0x11, 0x01, 0x19, 0xd1, 0x20,
  0x81, 0x28, 0x08, 0x30, 0x5e, 0x37, 0x7d, 0x3e, 0x5e, 0x45, 0xf8, 0x4b,
  0x46, 0x52, 0x41, 0x58, 0xe3, 0x5d, 0x27, 0x63, 0x07, 0x68, 0x7f, 0x6c,
  0x8a, 0x70, 0x23, 0x74, 0x47, 0x77, 0xf4, 0x79, 0x26, 0x7c, 0xdb, 0x7d,
  0x11, 0x7f, 0xc8, 0x7f, 0xfe, 0x7f, 0xb3, 0x7f, 0xe8, 0x7e, 0x9e, 0x7d,
  0xd5, 0x7b, 0x8f, 0x79, 0xcf, 0x76, 0x98, 0x73, 0xed, 0x6f, 0xd0, 0x6b,
  0x48, 0x67, 0x57, 0x62, 0x04, 0x5d, 0x53, 0x57, 0x4a, 0x51, 0xf0, 0x4a,
  0x4a, 0x44, 0x5f, 0x3d, 0x37, 0x36, 0xd8, 0x2e, 0x4a, 0x27, 0x95, 0x1f,
  0xc0, 0x17, 0xd3, 0x0f, 0xd6, 0x07, 0xd2, 0xff, 0xcd, 0xf7, 0xd1, 0xef,
  0xe4, 0xe7, 0x11, 0xe0, 0x5d, 0xd8, 0xd1, 0xd0, 0x74, 0xc9, 0x4f, 0xc2,
  0x67, 0xbb, 0xc5, 0xb4, 0x9d, 0xae, 0xce, 0xa8, 0x5e, 0xa3, 0x52, 0x9e,
  0xae, 0x99, 0x76, 0x95, 0xae, 0x91, 0x5a, 0x8e, 0x7b, 0x8b, 0x16, 0x89,
  0x2b, 0x87, 0xbc, 0x85, 0xca, 0x84, 0x54, 0x84, 0x5c, 0x84, 0xe0, 0x84,
  0xe0, 0x85, 0x59, 0x87, 0x49, 0x89, 0xaf, 0x8b, 0x87, 0x8e, 0xce, 0x91,
  0x7f, 0x95, 0x97, 0x99, 0x12, 0x9e, 0xe9, 0xa2, 0x18, 0xa8, 0x99, 0xad,
  0x66, 0xb3, 0x79, 0xb9, 0xcc, 0xbf, 0x57, 0xc6, 0x14, 0xcd, 0xfc, 0xd3,
  0x08, 0xdb, 0x2f, 0xe2, 0x6c, 0xe9, 0xb7, 0xf0, 0x07, 0xf8, 0x57, 0xff,
  0x9c, 0x06, 0xd3, 0x0d, 0xf3, 0x14, 0xf4, 0x1b, 0xd0, 0x22, 0x81, 0x29,
  0xfe, 0x2f, 0x44, 0x36, 0x4a, 0x3c, 0x0c, 0x42, 0x84, 0x47, 0xad, 0x4c,
  0x81, 0x51, 0xfe, 0x55, 0x1e, 0x5a, 0xdd, 0x5d, 0x3a, 0x61, 0x30, 0x64,
  0xbd, 0x66, 0xdf, 0x68, 0x95, 0x6a, 0xdd, 0x6b, 0xb7, 0x6c, 0x23, 0x6d,
  0x20, 0x6d, 0xaf, 0x6c, 0xd1, 0x6b, 0x88, 0x6a, 0xd6, 0x68, 0xbc, 0x66,
  0x3e, 0x64, 0x5e, 0x61, 0x20, 0x5e, 0x88, 0x5a, 0x9a, 0x56, 0x5a, 0x52,
  0xcd, 0x4d, 0xf8, 0x48, 0xe1, 0x43, 0x8c, 0x3e, 0x00, 0x39, 0x42, 0x33,
  0x59, 0x2d, 0x4b, 0x27, 0x1d, 0x21, 0xd8, 0x1a, 0x80, 0x14, 0x1d, 0x0e,
  0xb5, 0x07, 0x4e, 0x01, 0xf0, 0xfa, 0xa0, 0xf4, 0x64, 0xee, 0x44, 0xe8,
  0x44, 0xe2, 0x6b, 0xdc, 0xbe, 0xd6, 0x44, 0xd1, 0x01, 0xcc, 0xf9, 0xc6,
  0x33, 0xc2, 0xb3, 0xbd, 0x7b, 0xb9, 0x92, 0xb5, 0xf9, 0xb1, 0xb4, 0xae,
  0xc6, 0xab, 0x32, 0xa9, 0xf8, 0xa6, 0x1c, 0xa5, 0x9f, 0xa3, 0x80, 0xa2,
  0xc2, 0xa1, 0x64, 0xa1, 0x65, 0xa1, 0xc6, 0xa1, 0x86, 0xa2, 0xa2, 0xa3,
  0x19, 0xa5, 0xea, 0xa6, 0x12, 0xa9, 0x8e, 0xab, 0x5b, 0xae, 0x76, 0xb1,
  0xdb, 0xb4, 0x86, 0xb8, 0x73, 0xbc, 0x9e, 0xc0, 0x02, 0xc5, 0x9a, 0xc9,
  0x62, 0xce, 0x53, 0xd3, 0x6a, 0xd8, 0xa0, 0xdd, 0xf0, 0xe2, 0x54, 0xe8,
  0xc8, 0xed, 0x44, 0xf3, 0xc4, 0xf8, 0x42, 0xfe, 0xb8, 0x03, 0x21, 0x09,
  0x79, 0x0e, 0xb8, 0x13, 0xda, 0x18, 0xdb, 0x1d, 0xb5, 0x22, 0x63, 0x27,
  0xe1, 0x2b, 0x2c, 0x30, 0x3e, 0x34, 0x14, 0x38, 0xac, 0x3b, 0x00, 0x3f,
  0x0f, 0x42, 0xd6, 0x44, 0x53, 0x47, 0x83, 0x49, 0x65, 0x4b, 0xf8, 0x4c,
  0x3a, 0x4e, 0x2b, 0x4f, 0xcb, 0x4f, 0x19, 0x50, 0x15, 0x50, 0xc1, 0x4f,
  0x1d, 0x4f, 0x2a, 0x4e, 0xea, 0x4c, 0x5f, 0x4b, 0x8b, 0x49, 0x6f, 0x47,
  0x10, 0x45, 0x70, 0x42, 0x92, 0x3f, 0x79, 0x3c, 0x29, 0x39, 0xa5, 0x35,
  0xf3, 0x31, 0x15, 0x2e, 0x10, 0x2a, 0xe9, 0x25, 0xa3, 0x21, 0x44, 0x1d,
  0xd0, 0x18, 0x4c, 0x14, 0xbc, 0x0f, 0x26, 0x0b, 0x8e, 0x06, 0xf8, 0x01,
  0x6b, 0xfd, 0xe9, 0xf8, 0x77, 0xf4, 0x19, 0xf0, 0xd5, 0xeb, 0xae, 0xe7,
  0xa9, 0xe3, 0xc8, 0xdf, 0x10, 0xdc, 0x84, 0xd8, 0x28, 0xd5, 0xfe, 0xd1,
  0x09, 0xcf, 0x4c, 0xcc, 0xc9, 0xc9, 0x83, 0xc7, 0x7a, 0xc5, 0xb1, 0xc3,
  0x29, 0xc2, 0xe3, 0xc0, 0xdf, 0xbf, 0x1f, 0xbf, 0xa1, 0xbe, 0x67, 0xbe,
  0x70, 0xbe, 0xbb, 0xbe, 0x48, 0xbf, 0x14, 0xc0, 0x20, 0xc1, 0x68, 0xc2,
  0xec, 0xc3, 0xa9, 0xc5, 0x9e, 0xc7, 0xc6, 0xc9, 0x21, 0xcc, 0xaa, 0xce,
  0x60, 0xd1, 0x3e, 0xd4, 0x41, 0xd7, 0x67, 0xda, 0xab, 0xdd, 0x0a, 0xe1,
  0x80, 0xe4, 0x09, 0xe8, 0xa2, 0xeb, 0x47, 0xef, 0xf3, 0xf2, 0xa4, 0xf6,
  0x55, 0xfa, 0x02, 0xfe, 0xa7, 0x01, 0x42, 0x05, 0xce, 0x08, 0x49, 0x0c,
  0xae, 0x0f, 0xfa, 0x12, 0x2a, 0x16, 0x3c, 0x19, 0x2c, 0x1c, 0xf7, 0x1e,
  0x9c, 0x21, 0x17, 0x24, 0x67, 0x26, 0x8a, 0x28, 0x7e, 0x2a, 0x41, 0x2c,
  0xd3, 0x2d, 0x32, 0x2f, 0x5d, 0x30, 0x53, 0x31, 0x15, 0x32, 0xa2, 0x32,
  0xfa, 0x32, 0x1d, 0x33, 0x0b, 0x33, 0xc6, 0x32, 0x4e, 0x32, 0xa5, 0x31,
  0xcb, 0x30, 0xc1, 0x2f, 0x8a, 0x2e, 0x28, 0x2d, 0x9c, 0x2b, 0xe8, 0x29,
  0x0e, 0x28, 0x12, 0x26, 0xf5, 0x23, 0xb9, 0x21, 0x63, 0x1f, 0xf3, 0x1c,
  0x6e, 0x1a, 0xd6, 0x17, 0x2e, 0x15, 0x79, 0x12, 0xba, 0x0f, 0xf4, 0x0c,
  0x29, 0x0a, 0x5e, 0x07, 0x94, 0x04, 0xcf, 0x01, 0x12, 0xff, 0x5f, 0xfc,
  0xb9, 0xf9, 0x22, 0xf7, 0x9d, 0xf4, 0x2c, 0xf2, 0xd3, 0xef, 0x92, 0xed,
  0x6c, 0xeb, 0x62, 0xe9, 0x78, 0xe7, 0xad, 0xe5, 0x04, 0xe4, 0x7e, 0xe2,
  0x1b, 0xe1, 0xde, 0xdf, 0xc6, 0xde, 0xd4, 0xdd, 0x09, 0xdd, 0x65, 0xdc,
  0xe8, 0xdb, 0x92, 0xdb, 0x63, 0xdb, 0x5b, 0xdb, 0x78, 0xdb, 0xba, 0xdb,
  0x21, 0xdc, 0xab, 0xdc, 0x57, 0xdd, 0x24, 0xde, 0x11, 0xdf, 0x1c, 0xe0,
  0x43, 0xe1, 0x85, 0xe2, 0xe1, 0xe3, 0x53, 0xe5, 0xdb, 0xe6, 0x75, 0xe8,
  0x21, 0xea, 0xdd, 0xeb, 0xa5, 0xed, 0x78, 0xef, 0x53, 0xf1, 0x35, 0xf3,
  0x1c, 0xf5, 0x05, 0xf7, 0xee, 0xf8, 0xd5, 0xfa, 0xb8, 0xfc, 0x95, 0xfe,
  0x69, 0x00, 0x35, 0x02, 0xf5, 0x03, 0xa8, 0x05, 0x4c, 0x07, 0xdf, 0x08,
  0x61, 0x0a, 0xd0, 0x0b, 0x2b, 0x0d, 0x70, 0x0e, 0x9f, 0x0f, 0xb7, 0x10,
  0xb7, 0x11, 0x9e, 0x12, 0x6d, 0x13, 0x22, 0x14, 0xbd, 0x14, 0x3e, 0x15,
  0xa6, 0x15, 0xf4, 0x15, 0x29, 0x16, 0x45, 0x16, 0x48, 0x16, 0x33, 0x16,
  0x07, 0x16, 0xc4, 0x15, 0x6b, 0x15, 0xfd, 0x14, 0x7c, 0x14, 0xe8, 0x13,
  0x42, 0x13, 0x8c, 0x12, 0xc6, 0x11, 0xf3, 0x10, 0x13, 0x10, 0x28, 0x0f,
  0x34, 0x0e, 0x37, 0x0d, 0x33, 0x0c, 0x2a, 0x0b, 0x1d, 0x0a, 0x0d, 0x09,
  0xfc, 0x07, 0xec, 0x06, 0xdc, 0x05, 0xd0, 0x04, 0xc7, 0x03, 0xc4, 0x02,
  0xc7, 0x01, 0xd2, 0x00, 0xe6, 0xff, 0x03, 0xff, 0x29, 0xfe, 0x5b, 0xfd,
  0x99, 0xfc, 0xe3, 0xfb, 0x3a, 0xfb, 0x9e, 0xfa, 0x11, 0xfa, 0x91, 0xf9,
  0x20, 0xf9, 0xbd, 0xf8, 0x69, 0xf8, 0x23, 0xf8, 0xeb, 0xf7, 0xc1, 0xf7,
  0xa5, 0xf7, 0x96, 0xf7, 0x95, 0xf7, 0x9f, 0xf7, 0xb6, 0xf7, 0xd7, 0xf7,
  0x03, 0xf8, 0x39, 0xf8, 0x78, 0xf8, 0xbf, 0xf8, 0x0d, 0xf9, 0x62, 0xf9,
  0xbc, 0xf9, 0x1a, 0xfa, 0x7d, 0xfa, 0xe1, 0xfa, 0x48, 0xfb, 0xaf, 0xfb,
  0x16, 0xfc, 0x7c, 0xfc, 0xe0, 0xfc, 0x42, 0xfd, 0x9f, 0xfd, 0xf9, 0xfd,
  0x4d, 0xfe, 0x9b, 0xfe, 0xe3, 0xfe, 0x24, 0xff, 0x5d, 0xff, 0x8e, 0xff,
  0xb7, 0xff, 0xd7, 0xff, 0xee, 0xff, 0xfc, 0xff
};
static const size_t error_wav_len = 17684;
